rank,site_id,class,source,urgency,lead_agency,recommended_action,area_ha,footprint_ha,p_value,mean_soil_loss_t_ha_yr,mean_slope_deg,max_retreat_m,retreat_m_per_yr,mean_probability,model_agreement,confidence,confidence_score,population,built_ha,crop_ha,road_km,embankment_km,facilities,nearest_place,nearest_place_km,exposure_index,hazard_score,priority_score,lat,lon
1,S2602-01,Bank erosion (stable land to water),change,Immediate,Water Resources Dept,"Inform the Water Resources Department for emergency bank protection (geobags, RCC or bamboo porcupines) before the monsoon, followed by a permanent revetment or spurs. Alert the circle office and the district disaster management authority; prepare relocation if retreat continues.",53.9,65.08,0.0,,,567.0,94.5,,,High,1.0,3079.0,0.85,112.61,11.03,2.22,0.0,Dibrugarh,4.6,0.713,4.006,3.201,27.45949,94.859515
2,S2602-02,Bank erosion (stable land to water),change,Immediate,Water Resources Dept,"Inform the Water Resources Department for emergency bank protection (geobags, RCC or bamboo porcupines) before the monsoon, followed by a permanent revetment or spurs. Alert the circle office and the district disaster management authority; prepare relocation if retreat continues.",23.71,35.55,0.0,,,985.0,164.2,,,High,1.0,1337.0,0.25,147.74,2.94,2.4,0.0,Changamari Habi,9.6,0.586,3.207,2.278,27.359457,94.771867
3,S2602-03,Vegetation loss,change,Routine,Soil Conservation Dept,"Field check the cause (harvest, tea pruning, clearing, earth cutting). If land was cleared on a slope or bank, restore cover with grasses, cover crops or agroforestry.",89.72,,,,,,,,,Not assessed,,1933.0,9.2,145.23,14.01,0.0,0.0,Bhatiu,2.2,0.726,2.705,2.186,27.464174,95.156215
4,S2602-04,Bank erosion (stable land to water),change,Immediate,Water Resources Dept,"Inform the Water Resources Department for emergency bank protection (geobags, RCC or bamboo porcupines) before the monsoon, followed by a permanent revetment or spurs. Alert the circle office and the district disaster management authority; prepare relocation if retreat continues.",14.66,19.91,0.0,,,241.0,40.1,,,High,1.0,3393.0,0.6,136.4,7.45,0.79,0.0,Lengeri Gaon,6.0,0.688,2.751,2.15,27.330836,95.031126
5,S2602-05,Bank erosion (stable land to water),change,Immediate,Water Resources Dept,"Inform the Water Resources Department for emergency bank protection (geobags, RCC or bamboo porcupines) before the monsoon, followed by a permanent revetment or spurs. Alert the circle office and the district disaster management authority; prepare relocation if retreat continues.",69.03,78.66,0.0,,,1019.0,169.8,,,High,1.0,517.0,1.22,275.57,0.96,0.0,0.0,Nakapur,1.2,0.291,4.249,2.14,27.559094,95.187148
6,S2602-06,Vegetation loss,change,Routine,Soil Conservation Dept,"Field check the cause (harvest, tea pruning, clearing, earth cutting). If land was cleared on a slope or bank, restore cover with grasses, cover crops or agroforestry.",516.24,,,,,,,,,Medium,0.768,7153.0,2.42,291.33,0.32,0.15,0.0,Dibrugarh,2.0,0.562,2.879,1.997,27.502179,94.905654
7,S2602-07,Vegetation loss,change,Routine,Soil Conservation Dept,"Field check the cause (harvest, tea pruning, clearing, earth cutting). If land was cleared on a slope or bank, restore cover with grasses, cover crops or agroforestry.",39.76,,,,,,,,,Not assessed,,4484.0,30.58,64.01,20.78,0.0,1.0,Changamari Habi,6.5,0.825,2.225,1.952,27.402653,94.88631
8,S2602-08,Vegetation loss,change,Routine,Soil Conservation Dept,"Field check the cause (harvest, tea pruning, clearing, earth cutting). If land was cleared on a slope or bank, restore cover with grasses, cover crops or agroforestry.",49.04,,,,,,,,,Not assessed,,2158.0,13.0,165.15,14.74,0.0,0.0,Lāhoāl Pātra,4.8,0.75,2.348,1.937,27.421767,95.036147
9,S2602-09,Bank erosion (stable land to water),change,Immediate,Water Resources Dept,"Inform the Water Resources Department for emergency bank protection (geobags, RCC or bamboo porcupines) before the monsoon, followed by a permanent revetment or spurs. Alert the circle office and the district disaster management authority; prepare relocation if retreat continues.",23.67,32.83,0.0,,,1285.0,214.2,,,High,1.0,1025.0,0.15,134.11,3.73,0.0,0.0,Changamari Habi,0.4,0.432,3.206,1.931,27.432296,94.82755
10,S2602-10,Accretion (water to land),change,Monitor,Revenue / Soil Conservation Dept,New land from river deposition. Monitor; avoid permanent settlement. Grass or tree planting can stabilise older deposits.,1261.44,1631.42,,,,,,,,High,1.0,7666.0,9.93,142.67,11.86,3.59,0.0,Changamari Habi,5.4,0.849,2.142,1.916,27.412007,94.774623
11,S2602-11,Vegetation loss,change,Routine,Soil Conservation Dept,"Field check the cause (harvest, tea pruning, clearing, earth cutting). If land was cleared on a slope or bank, restore cover with grasses, cover crops or agroforestry.",128.96,,,,,,,,,Not assessed,,2336.0,0.0,94.21,0.0,0.0,0.0,Dibrugarh,3.8,0.5,2.92,1.898,27.482283,94.863436
12,S2602-12,Likely bank erosion (AI prediction),ai,Before monsoon,Soil Conservation Dept,"Predicted by the AI model, not yet observed. Field check before the monsoon; if bank cutting is seen, treat as active bank erosion.",41.72,,,,,,,0.474,0.908,Medium,,2336.0,8.13,64.48,1.76,0.53,0.0,Dibrugarh,1.2,0.734,2.312,1.882,27.487255,94.889866
13,S2602-13,Vegetation loss,change,Routine,Soil Conservation Dept,"Field check the cause (harvest, tea pruning, clearing, earth cutting). If land was cleared on a slope or bank, restore cover with grasses, cover crops or agroforestry.",41.28,,,,,,,,,Not assessed,,2825.0,13.37,146.16,27.77,0.0,0.0,Mereli Pathar,2.9,0.75,2.247,1.853,27.50545,95.215432
14,S2602-14,Likely bank erosion (AI prediction),ai,Before monsoon,Soil Conservation Dept,"Predicted by the AI model, not yet observed. Field check before the monsoon; if bank cutting is seen, treat as active bank erosion.",72.32,,,,,,,0.422,0.923,Medium,,2388.0,0.2,64.99,4.77,0.91,0.0,Dibrugarh,3.7,0.694,2.355,1.85,27.468895,94.869062
15,S2602-15,Bank erosion (stable land to water),change,Immediate,Water Resources Dept,"Inform the Water Resources Department for emergency bank protection (geobags, RCC or bamboo porcupines) before the monsoon, followed by a permanent revetment or spurs. Alert the circle office and the district disaster management authority; prepare relocation if retreat continues.",67.98,74.98,0.0,,,580.0,96.8,,,High,1.0,245.0,0.0,107.27,0.0,0.0,0.0,Nakapur,9.7,0.193,4.234,1.842,27.626801,95.230741
16,S2602-16,Char or sandbar lost (within river belt),change,Monitor,Water Resources Dept,"Char or sandbar loss inside the river channel. No structural work; monitor. If the char is inhabited, inform residents and the circle office.",441.55,600.81,0.0,,,1250.0,208.2,,,High,1.0,11780.0,3.59,437.34,2.04,0.27,0.0,Dibrugarh,3.4,0.649,2.437,1.838,27.501145,94.902622
17,S2602-17,Vegetation loss,change,Routine,Soil Conservation Dept,"Field check the cause (harvest, tea pruning, clearing, earth cutting). If land was cleared on a slope or bank, restore cover with grasses, cover crops or agroforestry.",108.4,,,,,,,,,Not assessed,,1046.0,3.87,145.68,13.26,0.0,0.0,Nakapur,1.7,0.491,2.817,1.813,27.541945,95.202383
18,S2602-18,Vegetation loss,change,Routine,Soil Conservation Dept,"Field check the cause (harvest, tea pruning, clearing, earth cutting). If land was cleared on a slope or bank, restore cover with grasses, cover crops or agroforestry.",21.72,,,,,,,,,Not assessed,,2009.0,12.7,102.97,14.11,0.86,1.0,Naguli Ghat,3.3,0.911,1.874,1.757,27.507611,94.986555
19,S2602-19,Char or sandbar lost (within river belt),change,Monitor,Water Resources Dept,"Char or sandbar loss inside the river channel. No structural work; monitor. If the char is inhabited, inform residents and the circle office.",379.58,480.83,0.0,,,934.0,155.6,,,High,1.0,4921.0,1.34,195.64,6.09,0.0,0.0,Changamari Habi,3.7,0.62,2.377,1.744,27.458651,94.848017
20,S2602-20,Vegetation loss,change,Routine,Soil Conservation Dept,"Field check the cause (harvest, tea pruning, clearing, earth cutting). If land was cleared on a slope or bank, restore cover with grasses, cover crops or agroforestry.",47.04,,,,,1002.0,167.0,,,High,0.97,1535.0,10.26,169.19,14.75,0.0,0.0,Nakapur,0.8,0.669,2.254,1.731,27.546366,95.179064
21,S2602-21,Vegetation loss,change,Routine,Soil Conservation Dept,"Field check the cause (harvest, tea pruning, clearing, earth cutting). If land was cleared on a slope or bank, restore cover with grasses, cover crops or agroforestry.",25.84,,,,,,,,,Not assessed,,2793.0,7.71,48.21,10.21,0.0,1.0,Dikom,2.1,0.791,1.974,1.685,27.475739,95.100492
22,S2602-22,Vegetation loss,change,Routine,Soil Conservation Dept,"Field check the cause (harvest, tea pruning, clearing, earth cutting). If land was cleared on a slope or bank, restore cover with grasses, cover crops or agroforestry.",66.2,,,,,,,,,Low,0.696,3409.0,10.26,178.02,20.8,4.61,1.0,Naguli Ghat,2.0,0.925,1.757,1.665,27.518812,94.994792
23,S2602-23,Vegetation loss,change,Routine,Soil Conservation Dept,"Field check the cause (harvest, tea pruning, clearing, earth cutting). If land was cleared on a slope or bank, restore cover with grasses, cover crops or agroforestry.",105.12,,,,,,,,,Medium,0.831,1265.0,7.82,133.25,11.51,0.0,0.0,Nakapur,2.8,0.589,2.326,1.657,27.56322,95.211174
24,S2602-24,Vegetation loss,change,Routine,Soil Conservation Dept,"Field check the cause (harvest, tea pruning, clearing, earth cutting). If land was cleared on a slope or bank, restore cover with grasses, cover crops or agroforestry.",85.0,,,,,,,,,Not assessed,,1713.0,0.02,134.41,0.0,0.0,0.0,Naguli Ghat,4.4,0.45,2.673,1.644,27.525215,94.969024
25,S2602-25,Char or sandbar lost (within river belt),change,Monitor,Water Resources Dept,"Char or sandbar loss inside the river channel. No structural work; monitor. If the char is inhabited, inform residents and the circle office.",131.19,156.57,0.0,,,618.0,103.0,,,High,1.0,2191.0,4.83,181.44,11.41,3.17,0.0,Naguli Ghat,2.4,0.772,1.954,1.642,27.53344,95.037421
26,S2602-26,Vegetation loss,change,Routine,Soil Conservation Dept,"Field check the cause (harvest, tea pruning, clearing, earth cutting). If land was cleared on a slope or bank, restore cover with grasses, cover crops or agroforestry.",31.52,,,,,,,,,Not assessed,,1615.0,5.35,58.67,6.14,0.0,1.0,Baratichuk,4.6,0.688,2.089,1.633,27.499722,95.054411
27,S2602-27,Vegetation loss,change,Routine,Soil Conservation Dept,"Field check the cause (harvest, tea pruning, clearing, earth cutting). If land was cleared on a slope or bank, restore cover with grasses, cover crops or agroforestry.",26.2,,,,,,,,,Not assessed,,2265.0,3.16,145.82,9.39,2.15,0.0,Changamari Habi,3.7,0.747,1.982,1.631,27.399119,94.805133
28,S2602-28,Char or sandbar lost (within river belt),change,Monitor,Water Resources Dept,"Char or sandbar loss inside the river channel. No structural work; monitor. If the char is inhabited, inform residents and the circle office.",157.95,186.39,0.0,,,1243.0,207.2,,,High,1.0,2017.0,7.49,144.12,13.2,0.0,0.0,Guijan,6.2,0.712,2.027,1.619,27.569616,95.25424
29,S2602-29,Bank erosion (stable land to water),change,Immediate,Water Resources Dept,"Inform the Water Resources Department for emergency bank protection (geobags, RCC or bamboo porcupines) before the monsoon, followed by a permanent revetment or spurs. Alert the circle office and the district disaster management authority; prepare relocation if retreat continues.",7.22,10.92,0.0,,,107.0,17.8,,,High,1.0,2185.0,0.14,104.18,3.32,0.55,0.0,Lengeri Gaon,8.9,0.657,2.107,1.601,27.351617,94.991885
30,S2602-30,New bare soil,change,Routine,Soil Conservation Dept,"Check for earth cutting, brick kilns or construction. Apply mulching or cover crops; control runoff with bunds or silt traps.",25.76,,,,,,,,,Not assessed,,2201.0,7.7,87.76,13.43,0.0,0.0,Chabua,3.6,0.715,1.972,1.579,27.455699,95.192958
31,S2602-31,Vegetation loss,change,Routine,Soil Conservation Dept,"Field check the cause (harvest, tea pruning, clearing, earth cutting). If land was cleared on a slope or bank, restore cover with grasses, cover crops or agroforestry.",31.24,,,,,,,,,Not assessed,,1404.0,12.18,81.88,12.27,0.0,0.0,Panitola,4.4,0.646,2.084,1.568,27.534984,95.261315
32,S2602-32,Bank erosion (stable land to water),change,Immediate,Water Resources Dept,"Inform the Water Resources Department for emergency bank protection (geobags, RCC or bamboo porcupines) before the monsoon, followed by a permanent revetment or spurs. Alert the circle office and the district disaster management authority; prepare relocation if retreat continues.",15.69,19.2,0.0,,,350.0,58.4,,,High,1.0,560.0,1.06,62.0,5.78,0.0,0.0,Nakapur,5.8,0.364,2.815,1.562,27.568755,95.240552
33,S2602-33,Vegetation loss,change,Routine,Soil Conservation Dept,"Field check the cause (harvest, tea pruning, clearing, earth cutting). If land was cleared on a slope or bank, restore cover with grasses, cover crops or agroforestry.",22.84,,,,,,,,,Not assessed,,2596.0,2.27,115.46,6.07,1.88,0.0,Burhi Khow,6.4,0.734,1.903,1.549,27.3421,94.951545
34,S2602-34,Vegetation loss,change,Routine,Soil Conservation Dept,"Field check the cause (harvest, tea pruning, clearing, earth cutting). If land was cleared on a slope or bank, restore cover with grasses, cover crops or agroforestry.",20.52,,,,,,,,,Not assessed,,1984.0,7.02,55.99,12.52,0.5,0.0,Nij Lahoāl,5.7,0.752,1.841,1.522,27.501741,94.959434
35,S2602-35,Accretion (water to land),change,Monitor,Revenue / Soil Conservation Dept,New land from river deposition. Monitor; avoid permanent settlement. Grass or tree planting can stabilise older deposits.,2444.9,3472.34,,,,,,,,High,1.0,14749.0,0.0,215.21,0.0,0.0,0.0,Naguli Ghat,5.8,0.5,2.341,1.521,27.553266,94.96336
36,S2602-36,Bank erosion (stable land to water),change,Immediate,Water Resources Dept,"Inform the Water Resources Department for emergency bank protection (geobags, RCC or bamboo porcupines) before the monsoon, followed by a permanent revetment or spurs. Alert the circle office and the district disaster management authority; prepare relocation if retreat continues.",9.35,11.58,0.0,,,120.0,20.0,,,High,1.0,1390.0,0.37,95.28,5.7,0.0,0.0,Tengakhat,4.5,0.499,2.337,1.518,27.342051,95.152956
37,S2602-37,Vegetation loss,change,Routine,Soil Conservation Dept,"Field check the cause (harvest, tea pruning, clearing, earth cutting). If land was cleared on a slope or bank, restore cover with grasses, cover crops or agroforestry.",132.08,,,,,,,,,Low,0.622,4116.0,104.51,227.93,16.16,0.0,0.0,Bhatiu,2.7,0.75,1.825,1.506,27.459806,95.115721
38,S2602-38,Likely bank erosion (AI prediction),ai,Before monsoon,Soil Conservation Dept,"Predicted by the AI model, not yet observed. Field check before the monsoon; if bank cutting is seen, treat as active bank erosion.",77.96,,,,,,,0.463,0.879,Medium,,1508.0,0.0,8.16,0.0,0.0,0.0,Dibrugarh,4.6,0.295,2.628,1.331,27.514179,94.868954
39,S2602-39,Likely bank erosion (AI prediction),ai,Before monsoon,Soil Conservation Dept,"Predicted by the AI model, not yet observed. Field check before the monsoon; if bank cutting is seen, treat as active bank erosion.",66.44,,,,,,,0.479,0.861,Medium,,1130.0,0.0,22.24,0.0,0.0,0.0,Naguli Ghat,6.6,0.281,2.621,1.302,27.548137,94.95231
40,S2602-40,Likely bank erosion (AI prediction),ai,Before monsoon,Soil Conservation Dept,"Predicted by the AI model, not yet observed. Field check before the monsoon; if bank cutting is seen, treat as active bank erosion.",71.28,,,,,,,0.516,0.817,Medium,,952.0,0.0,16.75,0.0,0.0,0.0,Dibrugarh,5.4,0.229,2.781,1.28,27.496088,94.849288
41,S2602-41,Likely bank erosion (AI prediction),ai,Before monsoon,Soil Conservation Dept,"Predicted by the AI model, not yet observed. Field check before the monsoon; if bank cutting is seen, treat as active bank erosion.",76.2,,,,,,,0.521,0.81,Medium,,974.0,0.0,9.55,0.0,0.0,0.0,Majarbari Ghat,5.5,0.206,2.823,1.254,27.548825,94.930273
42,S2602-42,Likely bank erosion (AI prediction),ai,Before monsoon,Soil Conservation Dept,"Predicted by the AI model, not yet observed. Field check before the monsoon; if bank cutting is seen, treat as active bank erosion.",43.6,,,,,,,0.424,0.928,Medium,,1775.0,0.0,29.87,0.0,0.0,0.0,Dibrugarh,3.1,0.423,2.092,1.247,27.477509,94.871547
43,S2602-43,Likely bank erosion (AI prediction),ai,Before monsoon,Soil Conservation Dept,"Predicted by the AI model, not yet observed. Field check before the monsoon; if bank cutting is seen, treat as active bank erosion.",73.0,,,,,,,0.475,0.843,Medium,,1227.0,0.0,7.01,0.0,0.0,0.0,Majarbari Ghat,6.0,0.241,2.656,1.245,27.541297,94.9207
44,S2602-44,Likely bank erosion (AI prediction),ai,Before monsoon,Soil Conservation Dept,"Predicted by the AI model, not yet observed. Field check before the monsoon; if bank cutting is seen, treat as active bank erosion.",75.48,,,,,,,0.572,0.697,Low,,1052.0,0.0,2.62,0.0,0.0,0.0,Majarbari Ghat,5.3,0.194,2.817,1.228,27.548755,94.921845
45,S2602-45,Likely bank erosion (AI prediction),ai,Before monsoon,Soil Conservation Dept,"Predicted by the AI model, not yet observed. Field check before the monsoon; if bank cutting is seen, treat as active bank erosion.",93.68,,,,,,,0.475,0.788,Low,,929.0,0.0,6.3,0.0,0.0,0.0,Naguli Ghat,5.8,0.186,2.808,1.208,27.549117,94.961448
46,S2602-46,Likely bank erosion (AI prediction),ai,Before monsoon,Soil Conservation Dept,"Predicted by the AI model, not yet observed. Field check before the monsoon; if bank cutting is seen, treat as active bank erosion.",82.92,,,,,,,0.537,0.872,Medium,,909.0,0.0,0.01,0.0,0.0,0.0,Dibrugarh,6.2,0.159,2.878,1.184,27.487815,94.839292
47,S2602-47,Likely bank erosion (AI prediction),ai,Before monsoon,Soil Conservation Dept,"Predicted by the AI model, not yet observed. Field check before the monsoon; if bank cutting is seen, treat as active bank erosion.",69.2,,,,,,,0.453,0.861,Medium,,1238.0,0.0,3.47,0.0,0.0,0.0,Dibrugarh,4.8,0.23,2.502,1.153,27.505029,94.859173
48,S2602-48,Likely bank erosion (AI prediction),ai,Before monsoon,Soil Conservation Dept,"Predicted by the AI model, not yet observed. Field check before the monsoon; if bank cutting is seen, treat as active bank erosion.",99.16,,,,,,,0.606,0.605,Low,,676.0,0.0,0.0,0.0,0.0,0.0,Dibrugarh,7.5,0.118,2.993,1.145,27.523573,94.839624
49,S2602-49,Likely bank erosion (AI prediction),ai,Before monsoon,Soil Conservation Dept,"Predicted by the AI model, not yet observed. Field check before the monsoon; if bank cutting is seen, treat as active bank erosion.",45.8,,,,,,,0.491,0.756,Low,,894.0,0.0,17.75,0.0,0.0,0.0,Dibrugarh,4.6,0.223,2.453,1.119,27.520644,94.879937
50,S2602-50,Likely bank erosion (AI prediction),ai,Before monsoon,Soil Conservation Dept,"Predicted by the AI model, not yet observed. Field check before the monsoon; if bank cutting is seen, treat as active bank erosion.",44.52,,,,,,,0.396,0.905,Medium,,546.0,1.98,60.66,4.72,0.0,0.0,Nakapur,3.3,0.375,1.964,1.105,27.564394,95.215359
