name,label,lat,lon,rank,site_class,urgency,action
2602-01,"#1 Bank erosion near Dibrugarh (27.4613, 94.8627)",27.461268,94.862736,1,Bank erosion,Immediate,"Inform the Water Resources Department for emergency bank protection (geobags, RCC or bamboo porcupines) before the monsoon, followed by a permanent revetment or spurs. Alert the circle office and the district disaster management authority; prepare relocation if retreat continues."
2602-02,"#2 Vegetation loss near Bhatiu (27.4642, 95.1562)",27.464174,95.156215,2,Vegetation loss,Routine,"Field check the cause (harvest, tea pruning, clearing, earth cutting). If land was cleared on a slope or bank, restore cover with grasses, cover crops or agroforestry."
2602-03,"#3 Bank erosion near Nakapur (27.5604, 95.1900)",27.560385,95.190009,3,Bank erosion,Immediate,"Inform the Water Resources Department for emergency bank protection (geobags, RCC or bamboo porcupines) before the monsoon, followed by a permanent revetment or spurs. Alert the circle office and the district disaster management authority; prepare relocation if retreat continues."
2602-04,"#4 Bank erosion near Lengeri Gaon (27.3308, 95.0332)",27.330821,95.03316,4,Bank erosion,Immediate,"Inform the Water Resources Department for emergency bank protection (geobags, RCC or bamboo porcupines) before the monsoon, followed by a permanent revetment or spurs. Alert the circle office and the district disaster management authority; prepare relocation if retreat continues."
2602-05,"#5 Vegetation loss near Dibrugarh (27.5022, 94.9057)",27.502179,94.905654,5,Vegetation loss,Routine,"Field check the cause (harvest, tea pruning, clearing, earth cutting). If land was cleared on a slope or bank, restore cover with grasses, cover crops or agroforestry."
2602-06,"#6 Vegetation loss near Changamari Habi (27.4027, 94.8863)",27.402653,94.88631,6,Vegetation loss,Routine,"Field check the cause (harvest, tea pruning, clearing, earth cutting). If land was cleared on a slope or bank, restore cover with grasses, cover crops or agroforestry."
2602-07,"#7 Bank erosion near Changamari Habi (27.3577, 94.7697)",27.357716,94.769737,7,Bank erosion,Immediate,"Inform the Water Resources Department for emergency bank protection (geobags, RCC or bamboo porcupines) before the monsoon, followed by a permanent revetment or spurs. Alert the circle office and the district disaster management authority; prepare relocation if retreat continues."
2602-08,"#8 Vegetation loss near Lāhoāl Pātra (27.4218, 95.0361)",27.421767,95.036147,8,Vegetation loss,Routine,"Field check the cause (harvest, tea pruning, clearing, earth cutting). If land was cleared on a slope or bank, restore cover with grasses, cover crops or agroforestry."
2602-09,"#9 Likely bank erosion near Dibrugarh (27.4873, 94.8899)",27.487255,94.889866,9,Likely bank erosion,Before monsoon,"Predicted by the AI model, not yet observed. Field check before the monsoon; if bank cutting is seen, treat as active bank erosion."
2602-10,"#10 Vegetation loss near Dibrugarh (27.4823, 94.8634)",27.482283,94.863436,10,Vegetation loss,Routine,"Field check the cause (harvest, tea pruning, clearing, earth cutting). If land was cleared on a slope or bank, restore cover with grasses, cover crops or agroforestry."
2602-11,"#11 Accretion near Changamari Habi (27.4139, 94.7752)",27.413906,94.775179,11,Accretion,Monitor,New land from river deposition. Monitor; avoid permanent settlement. Grass or tree planting can stabilise older deposits.
2602-12,"#12 Vegetation loss near Mereli Pathar (27.5054, 95.2154)",27.50545,95.215432,12,Vegetation loss,Routine,"Field check the cause (harvest, tea pruning, clearing, earth cutting). If land was cleared on a slope or bank, restore cover with grasses, cover crops or agroforestry."
2602-13,"#13 Likely bank erosion near Dibrugarh (27.4689, 94.8691)",27.468895,94.869062,13,Likely bank erosion,Before monsoon,"Predicted by the AI model, not yet observed. Field check before the monsoon; if bank cutting is seen, treat as active bank erosion."
2602-14,"#14 Bank erosion near Nakapur (27.6277, 95.2310)",27.627673,95.231021,14,Bank erosion,Immediate,"Inform the Water Resources Department for emergency bank protection (geobags, RCC or bamboo porcupines) before the monsoon, followed by a permanent revetment or spurs. Alert the circle office and the district disaster management authority; prepare relocation if retreat continues."
2602-15,"#15 Vegetation loss near Nakapur (27.5419, 95.2024)",27.541945,95.202383,15,Vegetation loss,Routine,"Field check the cause (harvest, tea pruning, clearing, earth cutting). If land was cleared on a slope or bank, restore cover with grasses, cover crops or agroforestry."
2602-16,"#16 Vegetation loss near Naguli Ghat (27.5076, 94.9866)",27.507611,94.986555,16,Vegetation loss,Routine,"Field check the cause (harvest, tea pruning, clearing, earth cutting). If land was cleared on a slope or bank, restore cover with grasses, cover crops or agroforestry."
2602-17,"#17 Vegetation loss near Nakapur (27.5464, 95.1791)",27.546366,95.179064,17,Vegetation loss,Routine,"Field check the cause (harvest, tea pruning, clearing, earth cutting). If land was cleared on a slope or bank, restore cover with grasses, cover crops or agroforestry."
2602-18,"#18 Char or sandbar lost near Changamari Habi (27.4569, 94.8408)",27.456853,94.840774,18,Char or sandbar lost,Monitor,"Char or sandbar loss inside the river channel. No structural work; monitor. If the char is inhabited, inform residents and the circle office."
2602-19,"#19 Vegetation loss near Dikom (27.4757, 95.1005)",27.475739,95.100492,19,Vegetation loss,Routine,"Field check the cause (harvest, tea pruning, clearing, earth cutting). If land was cleared on a slope or bank, restore cover with grasses, cover crops or agroforestry."
2602-20,"#20 Vegetation loss near Naguli Ghat (27.5188, 94.9948)",27.518812,94.994792,20,Vegetation loss,Routine,"Field check the cause (harvest, tea pruning, clearing, earth cutting). If land was cleared on a slope or bank, restore cover with grasses, cover crops or agroforestry."
2602-21,"#21 Vegetation loss near Nakapur (27.5632, 95.2112)",27.56322,95.211174,21,Vegetation loss,Routine,"Field check the cause (harvest, tea pruning, clearing, earth cutting). If land was cleared on a slope or bank, restore cover with grasses, cover crops or agroforestry."
2602-22,"#22 Vegetation loss near Naguli Ghat (27.5252, 94.9690)",27.525215,94.969024,22,Vegetation loss,Routine,"Field check the cause (harvest, tea pruning, clearing, earth cutting). If land was cleared on a slope or bank, restore cover with grasses, cover crops or agroforestry."
2602-23,"#23 Vegetation loss near Baratichuk (27.4997, 95.0544)",27.499722,95.054411,23,Vegetation loss,Routine,"Field check the cause (harvest, tea pruning, clearing, earth cutting). If land was cleared on a slope or bank, restore cover with grasses, cover crops or agroforestry."
2602-24,"#24 Vegetation loss near Changamari Habi (27.3991, 94.8051)",27.399119,94.805133,24,Vegetation loss,Routine,"Field check the cause (harvest, tea pruning, clearing, earth cutting). If land was cleared on a slope or bank, restore cover with grasses, cover crops or agroforestry."
2602-25,"#25 Char or sandbar lost near Naguli Ghat (27.5336, 95.0361)",27.533573,95.03612,25,Char or sandbar lost,Monitor,"Char or sandbar loss inside the river channel. No structural work; monitor. If the char is inhabited, inform residents and the circle office."
2602-26,"#26 Char or sandbar lost near Guijan (27.5687, 95.2643)",27.568663,95.264286,26,Char or sandbar lost,Monitor,"Char or sandbar loss inside the river channel. No structural work; monitor. If the char is inhabited, inform residents and the circle office."
2602-27,"#27 New bare soil near Chabua (27.4557, 95.1930)",27.455699,95.192958,27,New bare soil,Routine,"Check for earth cutting, brick kilns or construction. Apply mulching or cover crops; control runoff with bunds or silt traps."
2602-28,"#28 Vegetation loss near Panitola (27.5350, 95.2613)",27.534984,95.261315,28,Vegetation loss,Routine,"Field check the cause (harvest, tea pruning, clearing, earth cutting). If land was cleared on a slope or bank, restore cover with grasses, cover crops or agroforestry."
2602-29,"#29 Accretion near Dibrugarh (27.5310, 94.9121)",27.530975,94.912077,29,Accretion,Monitor,New land from river deposition. Monitor; avoid permanent settlement. Grass or tree planting can stabilise older deposits.
2602-30,"#30 Vegetation loss near Burhi Khow (27.3421, 94.9515)",27.3421,94.951545,30,Vegetation loss,Routine,"Field check the cause (harvest, tea pruning, clearing, earth cutting). If land was cleared on a slope or bank, restore cover with grasses, cover crops or agroforestry."
2602-31,"#31 Vegetation loss near Nij Lahoāl (27.5017, 94.9594)",27.501741,94.959434,31,Vegetation loss,Routine,"Field check the cause (harvest, tea pruning, clearing, earth cutting). If land was cleared on a slope or bank, restore cover with grasses, cover crops or agroforestry."
2602-32,"#32 Bank erosion near Nakapur (27.5688, 95.2408)",27.568774,95.240832,32,Bank erosion,Immediate,"Inform the Water Resources Department for emergency bank protection (geobags, RCC or bamboo porcupines) before the monsoon, followed by a permanent revetment or spurs. Alert the circle office and the district disaster management authority; prepare relocation if retreat continues."
2602-33,"#33 Vegetation loss near Bhatiu (27.4598, 95.1157)",27.459806,95.115721,33,Vegetation loss,Routine,"Field check the cause (harvest, tea pruning, clearing, earth cutting). If land was cleared on a slope or bank, restore cover with grasses, cover crops or agroforestry."
2602-34,"#34 Bank erosion near Tengakhat (27.3430, 95.1537)",27.343032,95.153691,34,Bank erosion,Immediate,"Inform the Water Resources Department for emergency bank protection (geobags, RCC or bamboo porcupines) before the monsoon, followed by a permanent revetment or spurs. Alert the circle office and the district disaster management authority; prepare relocation if retreat continues."
2602-35,"#35 Vegetation loss near Dibrugarh (27.4348, 94.9220)",27.434761,94.922038,35,Vegetation loss,Routine,"Field check the cause (harvest, tea pruning, clearing, earth cutting). If land was cleared on a slope or bank, restore cover with grasses, cover crops or agroforestry."
2602-36,"#36 Vegetation loss near Dibrugarh (27.4668, 94.8702)",27.466751,94.870204,36,Vegetation loss,Routine,"Field check the cause (harvest, tea pruning, clearing, earth cutting). If land was cleared on a slope or bank, restore cover with grasses, cover crops or agroforestry."
2602-37,"#37 Bank erosion near Amguri Bali (27.3150, 94.6256)",27.315024,94.625582,37,Bank erosion,Immediate,"Inform the Water Resources Department for emergency bank protection (geobags, RCC or bamboo porcupines) before the monsoon, followed by a permanent revetment or spurs. Alert the circle office and the district disaster management authority; prepare relocation if retreat continues."
2602-38,"#38 Likely bank erosion near Dibrugarh (27.5142, 94.8690)",27.514179,94.868954,38,Likely bank erosion,Before monsoon,"Predicted by the AI model, not yet observed. Field check before the monsoon; if bank cutting is seen, treat as active bank erosion."
2602-39,"#39 Likely bank erosion near Naguli Ghat (27.5481, 94.9523)",27.548137,94.95231,39,Likely bank erosion,Before monsoon,"Predicted by the AI model, not yet observed. Field check before the monsoon; if bank cutting is seen, treat as active bank erosion."
2602-40,"#40 Likely bank erosion near Dibrugarh (27.4961, 94.8493)",27.496088,94.849288,40,Likely bank erosion,Before monsoon,"Predicted by the AI model, not yet observed. Field check before the monsoon; if bank cutting is seen, treat as active bank erosion."
2602-41,"#41 Likely bank erosion near Dibrugarh (27.4775, 94.8715)",27.477509,94.871547,41,Likely bank erosion,Before monsoon,"Predicted by the AI model, not yet observed. Field check before the monsoon; if bank cutting is seen, treat as active bank erosion."
2602-42,"#42 Likely bank erosion near Majarbari Ghat (27.5488, 94.9303)",27.548825,94.930273,42,Likely bank erosion,Before monsoon,"Predicted by the AI model, not yet observed. Field check before the monsoon; if bank cutting is seen, treat as active bank erosion."
2602-43,"#43 Likely bank erosion near Majarbari Ghat (27.5413, 94.9207)",27.541297,94.9207,43,Likely bank erosion,Before monsoon,"Predicted by the AI model, not yet observed. Field check before the monsoon; if bank cutting is seen, treat as active bank erosion."
2602-44,"#44 Likely bank erosion near Majarbari Ghat (27.5488, 94.9218)",27.548755,94.921845,44,Likely bank erosion,Before monsoon,"Predicted by the AI model, not yet observed. Field check before the monsoon; if bank cutting is seen, treat as active bank erosion."
2602-45,"#45 Likely bank erosion near Naguli Ghat (27.5491, 94.9614)",27.549117,94.961448,45,Likely bank erosion,Before monsoon,"Predicted by the AI model, not yet observed. Field check before the monsoon; if bank cutting is seen, treat as active bank erosion."
2602-46,"#46 Likely bank erosion near Dibrugarh (27.4878, 94.8393)",27.487815,94.839292,46,Likely bank erosion,Before monsoon,"Predicted by the AI model, not yet observed. Field check before the monsoon; if bank cutting is seen, treat as active bank erosion."
2602-47,"#47 Likely bank erosion near Dibrugarh (27.5050, 94.8592)",27.505029,94.859173,47,Likely bank erosion,Before monsoon,"Predicted by the AI model, not yet observed. Field check before the monsoon; if bank cutting is seen, treat as active bank erosion."
2602-48,"#48 Likely bank erosion near Dibrugarh (27.5236, 94.8396)",27.523573,94.839624,48,Likely bank erosion,Before monsoon,"Predicted by the AI model, not yet observed. Field check before the monsoon; if bank cutting is seen, treat as active bank erosion."
2602-49,"#49 Likely bank erosion near Dibrugarh (27.5206, 94.8799)",27.520644,94.879937,49,Likely bank erosion,Before monsoon,"Predicted by the AI model, not yet observed. Field check before the monsoon; if bank cutting is seen, treat as active bank erosion."
2602-50,"#50 Likely bank erosion near Nakapur (27.5644, 95.2154)",27.564394,95.215359,50,Likely bank erosion,Before monsoon,"Predicted by the AI model, not yet observed. Field check before the monsoon; if bank cutting is seen, treat as active bank erosion."
NEW,New site (not on the list),,,,,,
