tile,support_m,mixed_blocks,true_water,swift_abs_err,hard_abs_err,swift_sum,hard_sum
dw_39p8506792646_-16p2929491086-20190831,20,98,44.0,36.64692306518555,43.5,21.55698585510254,15.0
dw_39p8506792646_-16p2929491086-20190831,30,78,32.11111068725586,25.752843856811523,32.55555599182844,17.6946964263916,12.0
dw_17p2339903242_40p4424890951-20170823,20,41,21.25,12.9605073928833,18.75,23.345413208007812,15.0
dw_17p2339903242_40p4424890951-20170823,30,21,9.333333015441895,7.090956211090088,9.111111119389534,12.888619422912598,10.0
dw_24p1367421605_38p6537404371-20170426,20,27,14.5,9.892857551574707,14.5,4.983409404754639,0.0
dw_20p8510160580_39p0665285890-20170409,20,44,22.25,16.048912048339844,22.25,12.299891471862793,3.0
dw_20p8510160580_39p0665285890-20170409,30,29,11.88888931274414,8.510319709777832,10.666666768491268,6.009052276611328,3.0
dw_44p9751179144_-19p6204352999-20190623,20,29,16.0,6.18501091003418,12.5,17.98419761657715,13.0
dw_22p8902144389_-29p5939006681-20190113,20,112,57.0,31.10943603515625,56.0,30.923133850097656,2.0
dw_22p8902144389_-29p5939006681-20190113,30,60,25.55555534362793,11.358848571777344,23.111111477017403,18.78822898864746,4.0
dw_38p4575598557_18p1060635452-20190527,20,62,29.5,19.848878860473633,29.5,39.86962890625,32.0
dw_38p4575598557_18p1060635452-20190527,30,35,19.666667938232422,11.776253700256348,16.44444440305233,22.367183685302734,19.0
dw_43p7886918872_-23p5855397912-20190921,20,77,37.0,20.476604461669922,34.0,34.80284881591797,14.0
dw_43p7886918872_-23p5855397912-20190921,30,55,24.77777862548828,14.114068031311035,23.000000201165676,23.460451126098633,12.0
dw_45p8881429431_-16p1310714020-20190807,20,166,82.0,62.43505859375,80.0,99.04336547851562,71.0
dw_45p8881429431_-16p1310714020-20190807,30,117,61.44445037841797,38.59878921508789,50.22222235798836,66.30736541748047,43.0
dw_0p6439946875_5p8141496902-20190305,20,167,85.25,54.92559051513672,79.25,57.06541442871094,27.0
dw_0p6439946875_5p8141496902-20190305,30,103,50.11111068725586,32.9761848449707,45.777778439223766,33.160526275634766,19.0
dw_43p5546675652_-21p4298683316-20190810,20,126,63.0,25.27448272705078,61.5,54.70368576049805,4.0
dw_43p5546675652_-21p4298683316-20190810,30,68,27.88888931274414,14.041898727416992,26.333333767950535,25.142757415771484,2.0
dw_-16p5981177246_14p0699127272-20191020,20,247,125.0,73.49177551269531,119.5,121.17915344238281,62.0
dw_-16p5981177246_14p0699127272-20191020,30,151,76.44444274902344,41.28575897216797,67.55555621534586,73.45414733886719,48.0
dw_49p3644571640_-12p2235234286-20190625,20,240,118.0,72.35681915283203,109.5,133.9723358154297,82.0
dw_49p3644571640_-12p2235234286-20190625,30,171,86.0,39.54296875,66.11111141741276,93.91771697998047,59.0
dw_-16p3137812376_13p3819324741-20191030,20,49,25.25,11.805136680603027,20.25,28.193296432495117,16.0
dw_94p4985339347_27p0498068352-20190119,20,214,104.75,71.56486511230469,98.25,163.75430297851562,115.0
dw_94p4985339347_27p0498068352-20190119,30,150,78.0,46.20555877685547,53.11111079901457,115.33232116699219,80.0
dw_89p5106586237_23p3347134686-20191014,20,80,37.5,23.986099243164062,37.5,17.43118667602539,2.0
dw_89p5106586237_23p3347134686-20191014,30,61,27.555557250976562,16.12652587890625,24.77777821570635,13.075164794921875,5.0
dw_107p9459135480_22p1422143633-20190923,20,57,28.5,14.194413185119629,27.5,22.27572250366211,14.0
dw_107p9459135480_22p1422143633-20190923,30,46,20.111112594604492,9.350373268127441,16.777778074145317,15.077438354492188,8.0
dw_48p9149032073_-12p9789527261-20190605,20,158,80.25,42.02790451049805,73.25,83.70767974853516,53.0
dw_48p9149032073_-12p9789527261-20190605,30,62,32.5555534362793,12.100347518920898,23.66666681319475,36.503662109375,22.0
dw_79p4808318425_18p7481784481-20190325,20,35,18.0,10.371530532836914,18.0,14.356131553649902,1.0
dw_79p4808318425_18p7481784481-20190325,30,24,11.777777671813965,6.987441539764404,9.666666865348816,9.247642517089844,3.0
dw_99p7495777373_18p2895249460-20190224,20,53,25.75,15.578018188476562,25.75,11.010644912719727,0.0
dw_99p7495777373_18p2895249460-20190224,30,25,10.555556297302246,7.418128490447998,10.555555835366249,3.8229169845581055,0.0
dw_48p2358018093_-15p8702684302-20190625,20,39,20.5,15.981513977050781,20.5,4.620162487030029,0.0
dw_48p2358018093_-15p8702684302-20190625,30,32,15.222222328186035,9.593324661254883,14.444444708526134,6.33709716796875,1.0
dw_81p2733633308_28p6550940924-20181230,20,47,20.5,14.48900318145752,20.5,11.009074211120605,0.0
dw_81p2733633308_28p6550940924-20181230,30,33,17.77777862548828,9.528902053833008,17.00000037252903,9.682782173156738,1.0
dw_45p0483475803_-20p8336187789-20190812,20,26,12.75,6.007662296295166,10.75,13.136404991149902,9.0
dw_80p2873123112_29p2054782949-20190427,20,65,33.5,11.52608871459961,28.5,33.76401901245117,39.0
dw_80p2873123112_29p2054782949-20190427,30,53,29.11111068725586,8.47610092163086,20.777777448296547,26.720335006713867,39.0
dw_121p7866248848_29p9393238982-20181217,20,92,47.5,25.202774047851562,46.5,25.385356903076172,3.0
dw_121p7866248848_29p9393238982-20181217,30,58,28.44444465637207,14.490918159484863,26.88888940960169,15.698023796081543,2.0
dw_47p6036428633_-15p7425649061-20190807,20,154,73.0,38.27122497558594,73.5,43.70549011230469,4.0
dw_47p6036428633_-15p7425649061-20190807,30,97,48.0,18.627656936645508,42.22222297638655,31.06023597717285,8.0
dw_34p6697263097_39p8921048927-20170703,20,35,16.25,9.978715896606445,16.25,8.927319526672363,1.0
dw_109p0594842022_53p4223832032-20190702,20,24,10.0,6.958573341369629,11.5,10.6721773147583,5.0
dw_81p3382966252_28p1964405904-20181230,20,103,51.5,34.13802719116211,50.5,22.147600173950195,6.0
dw_81p3382966252_28p1964405904-20181230,30,61,27.333332061767578,19.682037353515625,25.88888943940401,10.858258247375488,3.0
dw_44p4716631194_48p6982521321-20190321,20,24,13.0,6.682817459106445,13.5,19.087820053100586,2.0
dw_44p4716631194_48p6982521321-20190321,30,21,11.44444465637207,5.7466912269592285,10.888889081776142,16.582000732421875,1.0
dw_96p0496415199_56p2660349159-20190630,30,22,8.555556297302246,2.8283448219299316,8.555555760860443,8.633129119873047,0.0
dw_118p7252596494_37p4153759816-20190927,20,268,131.5,100.04641723632812,131.5,34.053321838378906,0.0
dw_118p7252596494_37p4153759816-20190927,30,227,112.55555725097656,80.2732925415039,112.55555883795023,35.22802734375,0.0
dw_124p7233810870_45p8546004194-20190911,20,124,57.0,45.635929107666016,57.5,16.20962142944336,1.0
dw_124p7233810870_45p8546004194-20190911,30,72,34.0,25.898574829101562,34.00000077486038,10.035040855407715,0.0
dw_49p4130270225_30p9483616027-20190727,20,86,43.5,23.66482162475586,41.5,26.981952667236328,9.0
dw_49p4130270225_30p9483616027-20190727,30,55,30.000003814697266,13.019689559936523,23.111111238598824,19.613544464111328,16.0
dw_133p0653933067_46p0380618202-20191022,20,24,13.0,10.133590698242188,13.0,2.8664097785949707,0.0
dw_101p5024984900_36p5439343277-20190811,20,21,9.25,5.863609313964844,9.25,8.299657821655273,1.0
dw_27p0464989706_46p3591192716-20170605,20,26,13.5,7.165387153625488,13.0,8.169189453125,3.0
dw_165p7199898908_60p5773778352-20190915,20,82,44.25,21.486953735351562,43.75,31.311683654785156,3.0
dw_165p7199898908_60p5773778352-20190915,30,65,36.333335876464844,12.25938892364502,34.66666726768017,28.652267456054688,3.0
dw_159p0763340273_53p9727674057-20190518,20,23,9.5,2.9359383583068848,9.0,7.5670294761657715,1.0
dw_28p1630124066_43p4237368585-20170503,20,32,16.75,9.827836990356445,17.25,25.798492431640625,4.0
dw_28p1630124066_43p4237368585-20170503,30,23,11.111113548278809,7.663455486297607,8.888889014720917,18.59271812438965,6.0
dw_120p8842332005_-33p2172633343-20190715,20,28,15.75,15.521060943603516,15.75,0.22893914580345154,0.0
dw_81p4236952477_16p4090455876-20190101,20,83,41.0,27.01905632019043,41.0,17.419897079467773,0.0
dw_81p4236952477_16p4090455876-20190101,30,65,33.4444465637207,20.946449279785156,32.88888953626156,17.145729064941406,1.0
dw_108p8602882905_40p9011425972-20190825,20,21,8.5,5.295866966247559,9.5,6.914124488830566,2.0
dw_80p2906159963_13p1067403729-20190511,20,62,31.25,11.339618682861328,30.25,38.23902130126953,16.0
dw_80p2906159963_13p1067403729-20190511,30,41,18.555557250976562,6.86267614364624,17.77777797728777,22.843700408935547,9.0
dw_70p7175323092_22p6467332155-20191008,20,32,14.0,7.647753715515137,13.0,11.31682300567627,7.0
dw_104p4779163736_-1p6619023931-20190905,20,61,29.25,11.658979415893555,29.25,26.161659240722656,2.0
dw_104p4779163736_-1p6619023931-20190905,30,35,14.222223281860352,5.504310131072998,13.66666691750288,12.8163480758667,1.0
dw_139p1145221115_-7p6702632700-20191018,20,26,12.0,4.60661506652832,11.5,16.302766799926758,7.0
dw_72p2700233150_22p0963490131-20191015,20,112,57.75,31.625423431396484,57.75,31.58560562133789,1.0
dw_72p2700233150_22p0963490131-20191015,30,90,42.4444465637207,24.659576416015625,42.44444516301155,23.595178604125977,0.0
dw_100p1421878843_7p6487636984-20190323,20,31,15.5,9.607841491699219,15.0,15.921503067016602,15.0
dw_100p1421878843_7p6487636984-20190323,30,21,11.333335876464844,5.716915130615234,8.111111029982567,11.952682495117188,11.0
dw_-5p1003944901_54p8442090596-20170717,20,31,15.25,9.276782989501953,15.25,9.947663307189941,0.0
dw_-5p1003944901_54p8442090596-20170717,30,21,9.777776718139648,6.282719612121582,9.777777962386608,4.251003742218018,0.0
dw_98p6565682244_1p7779988722-20190313,20,25,11.25,8.092382431030273,11.25,16.51551628112793,1.0
dw_-40p2238009060_-20p2454631116-20190809,20,27,12.25,7.610733985900879,11.75,5.737684726715088,1.0
dw_-49p6975928365_-23p2761735075-20190209,20,30,15.75,5.928483963012695,15.25,17.990062713623047,3.0
dw_-73p7590235248_-10p7441410543-20190702,20,78,40.25,16.669902801513672,37.25,44.01152420043945,15.0
dw_-73p7590235248_-10p7441410543-20190702,30,61,32.44444274902344,10.775290489196777,25.111111506819725,38.327606201171875,14.0
dw_-36p6260069619_-5p1233873527-20190605,20,59,28.0,19.35472297668457,29.0,38.685848236083984,5.0
dw_-36p6260069619_-5p1233873527-20190605,30,22,12.555557250976562,4.66704797744751,11.111111246049404,15.734170913696289,3.0
dw_-107p4616080181_28p4527469592-20181220,20,21,11.0,4.3183979988098145,10.5,7.1429443359375,1.0
dw_-105p1458977892_24p8024046752-20190116,20,30,15.5,8.155752182006836,15.5,8.566744804382324,0.0
dw_-76p1519266438_41p2500789870-20190511,20,93,45.5,25.870601654052734,45.5,24.253215789794922,3.0
dw_-76p1519266438_41p2500789870-20190511,30,68,28.77777862548828,13.421648025512695,28.333333931863308,18.456693649291992,4.0
dw_-93p5931345775_47p0057307775-20190520,20,38,20.0,11.594064712524414,19.5,10.655563354492188,1.0
dw_11p8053433335_65p6306602431-20190616,20,25,12.25,10.983531951904297,12.25,1.2664687633514404,0.0
dw_-73p7820362411_42p3022840799-20190423,20,318,158.0,107.2786865234375,156.0,79.5883560180664,25.0
dw_-73p7820362411_42p3022840799-20190423,30,211,107.44444274902344,62.02726745605469,95.66666816174984,63.70582580566406,26.0
dw_-121p1456736492_47p8645819431-20190806,20,32,17.0,11.692002296447754,15.5,10.472745895385742,4.0
dw_-121p1456736492_47p8645819431-20190806,30,20,11.444445610046387,7.590827941894531,10.6666669100523,5.468717575073242,1.0
dw_-122p1917219874_47p9500173993-20190804,20,72,35.25,25.34296989440918,35.25,12.017899513244629,0.0
dw_-122p1917219874_47p9500173993-20190804,30,54,28.111112594604492,15.148805618286133,27.33333406597376,16.411251068115234,1.0
dw_-123p5331921006_43p5883125269-20190725,20,75,36.0,20.569307327270508,33.5,22.822084426879883,9.0
dw_-123p5331921006_43p5883125269-20190725,30,45,20.33333396911621,12.404345512390137,19.222222581505775,11.9118013381958,6.0
dw_-72p1306838108_40p9928732976-20190927,20,43,23.5,17.476810455322266,22.0,32.77775192260742,31.0
dw_-72p1306838108_40p9928732976-20190927,30,23,13.000000953674316,8.362405776977539,10.777777582406998,19.97005271911621,20.0
dw_-110p1206089287_58p0134148267-20190517,20,160,77.25,66.81294250488281,77.25,12.456114768981934,0.0
dw_-110p1206089287_58p0134148267-20190517,30,65,30.77777862548828,24.341672897338867,30.7777783498168,6.765452861785889,0.0
dw_-117p6699381622_55p6257186543-20190528,20,94,43.5,33.37220001220703,44.0,19.735471725463867,1.0
dw_-117p6699381622_55p6257186543-20190528,30,72,34.55555725097656,26.618276596069336,34.111111886799335,12.39983081817627,2.0
dw_-123p3652536355_61p0576150315-20190828,20,223,111.0,91.39251708984375,106.5,126.10053253173828,116.0
dw_-123p3652536355_61p0576150315-20190828,30,168,87.0,65.8831787109375,76.22222216427326,102.56260681152344,91.0
dw_-143p8836228118_66p5479672472-20190515,20,34,17.5,12.934588432312012,17.5,5.65103816986084,0.0
dw_-143p8836228118_66p5479672472-20190515,30,23,11.222222328186035,7.466227054595947,11.222222425043583,4.009461879730225,0.0
dw_-71p0756469619_48p4176641073-20190707,20,66,33.75,26.74636459350586,33.25,30.010326385498047,6.0
dw_-71p0756469619_48p4176641073-20190707,30,28,12.666666030883789,11.978519439697266,13.000000275671482,10.130373001098633,1.0
dw_-88p2299785941_52p3971577280-20190527,20,53,26.25,21.718547821044922,25.75,14.947216987609863,3.0
dw_-88p2299785941_52p3971577280-20190527,30,30,16.77777862548828,11.77746868133545,16.777778193354607,8.244763374328613,0.0
dw_-67p4962212578_50p8539235917-20190826,20,90,41.0,24.861190795898438,41.0,27.585323333740234,1.0
dw_-67p4962212578_50p8539235917-20190826,30,48,21.22222328186035,11.333064079284668,20.444444842636585,14.698772430419922,1.0
dw_-69p5585363945_6p0236913882-20190123,20,151,74.75,38.66410827636719,73.25,61.04136657714844,6.0
dw_-69p5585363945_6p0236913882-20190123,30,107,48.88888931274414,21.44622039794922,43.55555634200573,43.40760803222656,10.0
dw_-92p6792117667_30p0715240252-20181210,20,32,17.25,10.822847366333008,15.25,19.705520629882812,15.0
dw_-93p3191639801_30p1659526874-20190320,20,86,40.0,27.755807876586914,40.0,40.80323791503906,18.0
dw_-93p3191639801_30p1659526874-20190320,30,61,27.33333396911621,16.09695053100586,27.00000048428774,27.278522491455078,9.0
dw_-93p5757539850_30p0580342163-20190320,20,114,56.5,26.93187141418457,56.0,45.53408432006836,1.0
dw_-93p5757539850_30p0580342163-20190320,30,86,37.11111068725586,13.829176902770996,35.777778677642345,30.198394775390625,2.0
dw_-57p8546943152_-16p5681412098-20190830,20,46,23.25,13.513711929321289,22.75,10.396222114562988,1.0
dw_-57p8546943152_-16p5681412098-20190830,30,27,13.111109733581543,10.075465202331543,13.111111402511597,3.0356457233428955,0.0
dw_-59p3986532537_-33p4924554355-20190608,20,149,69.0,38.94007873535156,66.5,38.92424011230469,5.0
dw_-59p3986532537_-33p4924554355-20190608,30,63,28.888891220092773,15.074974060058594,25.77777821570635,16.90627670288086,4.0
dw_-47p9777082120_-18p4944859184-20190609,20,63,31.25,11.956402778625488,31.25,23.845430374145508,0.0
dw_-47p9777082120_-18p4944859184-20190609,30,20,9.222222328186035,2.6364593505859375,6.8888889998197556,7.405570030212402,3.0
dw_-82p3838887332_28p1334881489-20190129,20,27,12.25,8.06138801574707,12.25,5.054018020629883,0.0
dw_-95p9672556175_36p7534760257-20190105,20,50,25.5,20.507572174072266,25.5,4.992429256439209,0.0
dw_-95p9672556175_36p7534760257-20190105,30,27,11.11111068725586,9.94196605682373,11.111111462116241,1.4938664436340332,0.0
dw_-98p6189992328_43p0622099804-20190612,20,33,17.5,10.240560531616211,16.5,23.674449920654297,14.0
dw_-98p6189992328_43p0622099804-20190612,30,26,13.55555534362793,8.270416259765625,14.555555537343025,19.335805892944336,13.0
dw_-59p3362882867_-33p7217821866-20190409,20,163,82.25,52.63372802734375,79.25,56.098079681396484,37.0
dw_-59p3362882867_-33p7217821866-20190409,30,132,65.11111450195312,35.23357391357422,54.44444526731968,52.1926155090332,28.0
dw_-60p4562124096_-32p3916870306-20190924,20,124,61.0,23.649473190307617,61.0,49.76862335205078,1.0
dw_-60p4562124096_-32p3916870306-20190924,30,40,19.55555534362793,6.979420185089111,17.888889238238335,17.922849655151367,3.0
dw_-79p7677008417_-2p0746905450-20190820,20,23,11.0,7.217175483703613,10.0,10.80703067779541,8.0
dw_-59p0502088530_-28p5389976134-20190919,20,98,50.5,27.167556762695312,49.5,37.880191802978516,2.0
dw_-59p0502088530_-28p5389976134-20190919,30,61,30.999998092651367,15.479907989501953,29.888889476656914,26.023488998413086,2.0
dw_-124p4159650799_62p9165106957-20190907,20,70,38.75,16.322309494018555,33.25,46.34561538696289,25.0
dw_-124p4159650799_62p9165106957-20190907,30,29,17.0,8.851506233215332,11.777777709066868,21.630910873413086,15.0
dw_-140p3889282788_59p7059361813-20190327,20,40,21.0,6.415587425231934,20.5,22.162370681762695,32.0
dw_-148p8430703004_61p4488194891-20190706,20,371,186.5,142.22154235839844,178.5,318.6211853027344,302.0
dw_-148p8430703004_61p4488194891-20190706,30,296,147.0,113.42329406738281,132.55555314570665,254.79537963867188,234.0
dw_-162p6683601544_60p2104550336-20190821,20,256,126.25,51.501304626464844,126.25,102.43722534179688,0.0
dw_-162p6683601544_60p2104550336-20190821,30,129,59.44444274902344,17.6912841796875,55.55555670708418,50.46067810058594,5.0
dw_-122p0501946561_38p2409522853-20191002,20,106,52.75,31.00298309326172,51.75,35.26919937133789,18.0
dw_-122p0501946561_38p2409522853-20191002,30,78,38.11111068725586,18.159069061279297,34.55555580556393,28.175979614257812,18.0
dw_-122p1550364904_37p9198948339-20191002,20,24,11.25,4.356339454650879,10.75,13.217714309692383,2.0
dw_-108p7295212909_39p1276823893-20190425,20,99,50.75,30.125850677490234,47.75,39.280181884765625,21.0
dw_-108p7295212909_39p1276823893-20190425,30,63,28.888887405395508,15.66224479675293,24.777778074145317,30.100919723510742,17.0
dw_-114p4609433703_32p9943159501-20190503,20,256,133.5,60.80561447143555,132.0,126.51012420654297,9.0
dw_-114p4609433703_32p9943159501-20190503,30,210,108.44444274902344,38.07893371582031,102.88889069110155,103.57201385498047,14.0
dw_-81p4096828913_24p6648086246-20190129,20,64,31.25,26.757070541381836,32.75,58.00707244873047,57.0
dw_-81p4096828913_24p6648086246-20190129,30,36,18.77777671813965,14.255945205688477,16.444444000720978,33.03372573852539,35.0
dw_-44p3572182413_-2p7168054478-20190927,20,50,26.25,9.885761260986328,25.75,19.917438507080078,7.0
dw_-44p3572182413_-2p7168054478-20190927,30,29,18.44444465637207,6.271092414855957,14.888889089226723,13.529189109802246,6.0
dw_-34p9389246804_-8p1747821223-20190607,20,35,18.0,11.016585350036621,18.0,14.484639167785645,2.0
dw_-34p9389246804_-8p1747821223-20190607,30,25,11.88888931274414,5.762575149536133,11.555555701255798,8.717631340026855,1.0
dw_-97p9906299360_22p4174064645-20190221,20,167,80.75,52.058990478515625,79.75,57.385169982910156,15.0
dw_-97p9906299360_22p4174064645-20190221,30,86,40.55555725097656,22.588491439819336,34.444444976747036,30.618755340576172,11.0
dw_-71p8956728628_11p1345303140-20181227,20,69,32.5,16.97217559814453,31.0,28.560470581054688,3.0
dw_-71p8956728628_11p1345303140-20181227,30,43,21.555553436279297,8.565678596496582,20.333333663642406,18.685935974121094,3.0
dw_-80p3422186357_7p4194369474-20181219,20,427,207.5,108.94503021240234,207.0,124.93649291992188,5.0
dw_-80p3422186357_7p4194369474-20181219,30,251,109.5555648803711,56.13730239868164,106.4444465637207,61.74627685546875,6.0
dw_12p0411700654_60p5773778352-20170523,20,191,91.25,65.0499267578125,91.25,33.61735534667969,0.0
dw_12p0411700654_60p5773778352-20170523,30,106,44.88888931274414,28.133808135986328,44.8888897895813,19.185911178588867,0.0
dw_-19p9993462018_64p0172791006-20170820,20,118,61.75,38.526039123535156,61.75,23.476238250732422,0.0
dw_-22p5991998634_65p0263168051-20170521,20,29,13.0,11.88854694366455,13.0,1.5627985000610352,0.0
dw_22p0618844898_68p9248715726-20170612,20,496,237.75,186.41708374023438,236.75,63.646697998046875,12.0
dw_22p0618844898_68p9248715726-20170612,30,303,127.22222900390625,94.42119598388672,124.66666906327009,37.886688232421875,7.0
dw_25p0154717682_60p2104550336-20170604,20,22,11.75,6.036014556884766,11.25,9.698771476745605,1.0
dw_32p9308336731_-26p2457301031-20190628,20,123,59.5,41.054473876953125,59.5,24.825773239135742,4.0
dw_32p9308336731_-26p2457301031-20190628,30,76,33.222225189208984,20.48816680908203,32.5555562376976,15.86302375793457,2.0
dw_35p2993165271_-16p7516026106-20190720,20,28,13.5,7.348082542419434,13.5,6.151917457580566,0.0
dw_30p3400909548_-2p3040172960-20190702,20,101,52.25,28.69501304626465,52.25,31.58285140991211,0.0
dw_30p3400909548_-2p3040172960-20190702,30,83,40.11111068725586,18.583784103393555,40.1111119762063,25.167251586914062,0.0
dw_29p6620685134_45p1666201663-20170503,20,150,74.5,41.691162109375,74.0,58.00796127319336,11.0
dw_29p6620685134_45p1666201663-20170503,30,92,40.666664123535156,20.207796096801758,40.33333411067724,33.992637634277344,9.0
dw_35p7503238666_-18p0816977666-20190720,20,60,31.25,12.168902397155762,31.25,25.34747314453125,0.0
dw_35p7503238666_-18p0816977666-20190720,30,27,11.55555534362793,3.5932517051696777,11.555555790662766,9.934534072875977,0.0
dw_27p6523895234_-27p2547678076-20190813,20,91,45.75,29.116703033447266,45.75,17.252845764160156,0.0
dw_27p6523895234_-27p2547678076-20190813,30,48,23.111112594604492,14.349081993103027,23.111111722886562,9.093423843383789,0.0
dw_37p1992325070_9p4833777066-20190117,20,168,82.25,50.333038330078125,81.75,58.347721099853516,1.0
dw_37p1992325070_9p4833777066-20190117,30,97,51.77777862548828,25.63812255859375,51.77777883410454,35.3051643371582,0.0
dw_17p4060399034_66p7233347627-20170907,20,25,13.75,9.694561958312988,13.75,5.33168888092041,0.0
