tile,date,mgrs,lon,lat,labelled_px,water_share,t_m1,t_m2,M1_oa,M1_f1,M1_shore_oa,M1_c0,M1_c1,M1_c2,M1_c3,M1_e0,M1_e1,M1_e2,M1_e3,M2_oa,M2_f1,M2_shore_oa,M2_c0,M2_c1,M2_c2,M2_c3,M2_e0,M2_e1,M2_e2,M2_e3,M3_oa,M3_f1,M3_shore_oa,M3_c0,M3_c1,M3_c2,M3_c3,M3_e0,M3_e1,M3_e2,M3_e3
dw_39p8506792646_-16p2929491086-20190831,2019-08-31,37LEC,39.8506792646,-16.2929491086,198898,0.45,0.249,0.239,0.9757,0.9731,0.7352,87486,2882,1950,106580,3632,277,1560,1468,0.9773,0.975,0.7807,87984,3065,1452,106397,3929,258,1263,1487,0.9638,0.961,0.8596,88823,6590,613,102872,4587,369,605,1376
dw_19p2938017724_68p2368913195-20170725,2017-07-25,33WXR,19.2938017724,68.2368913195,143313,0.024,-0.25,-0.216,0.9924,0.833,0.346,2704,386,698,139525,272,3,566,29,0.9903,0.8009,0.4494,2791,777,611,139134,364,5,474,27,0.9969,0.935,0.9437,3235,283,167,139628,797,8,41,24
dw_17p2339903242_40p4424890951-20170823,2017-08-23,33TXE,17.2339903242,40.4424890951,242150,0.69,0.17,0.144,0.9876,0.9909,0.6564,164128,90,2916,75016,2746,48,1666,528,0.991,0.9934,0.7486,165040,180,2004,74926,3234,76,1178,500,0.992,0.9942,0.8534,166171,1067,873,74039,3821,140,591,436
dw_9p3509879566_42p6440259050-20170517,2017-05-17,32TNN,9.3509879566,42.644025905,172453,0.012,0.0,-0.217,0.9929,0.5979,0.3541,904,0,1216,170333,30,0,571,283,0.9909,0.6814,0.6075,1681,1133,439,169200,260,6,341,277,0.9981,0.9213,0.7251,1891,94,229,170239,389,31,212,252
dw_24p1367421605_38p6537404371-20170426,2017-04-26,34SGH,24.1367421605,38.6537404371,199134,0.714,0.267,0.209,0.9262,0.9455,0.6253,127520,0,14687,56927,2220,0,1641,518,0.9401,0.9562,0.6547,130286,16,11921,56911,2357,8,1504,510,0.9925,0.9947,0.7952,140782,66,1425,56861,2991,27,870,491
dw_20p8510160580_39p0665285890-20170409,2017-04-09,34SDJ,20.851016058,39.066528589,202309,0.689,0.3,0.268,0.9409,0.9557,0.5885,128992,1591,10366,61360,4779,56,4022,1052,0.9477,0.9611,0.6413,130790,2021,8568,60930,5337,90,3464,1018,0.956,0.9678,0.7332,133827,3373,5531,59578,6337,180,2464,928
dw_44p9751179144_-19p6204352999-20190623,2019-06-23,38KMD,44.9751179144,-19.6204352999,217211,0.319,0.171,0.134,0.9598,0.9393,0.8193,67557,6973,1761,140920,5167,115,1113,400,0.9605,0.9406,0.8673,67995,7261,1323,140632,5509,131,771,384,0.9566,0.9357,0.926,68620,8736,698,139157,5970,193,310,322
dw_22p8902144389_-29p5939006681-20190113,2019-01-13,34JFN,22.8902144389,-29.5939006681,202528,0.074,0.165,0.191,0.9788,0.8325,0.4767,10650,3,4282,187593,1398,3,2778,1135,0.9795,0.8388,0.4994,10808,30,4124,187566,1544,28,2632,1110,0.9839,0.8804,0.6163,11991,316,2941,187280,2249,112,1927,1026
dw_38p4575598557_18p1060635452-20190527,2019-05-27,37QDA,38.4575598557,18.1060635452,227022,0.568,0.182,0.211,0.9646,0.9689,0.7617,125135,4299,3739,93849,7741,383,2203,527,0.9609,0.9655,0.7534,124228,4220,4646,93928,7615,348,2329,562,0.9668,0.9711,0.8294,126661,5322,2213,92826,8509,417,1435,493
dw_35p7258753889_23p9309630213-20191104,2019-11-04,36QYM,35.7258753889,23.9309630213,217579,0.474,0.293,0.274,0.7567,0.6548,0.4551,50195,0,52930,114454,981,0,1384,175,0.7667,0.6736,0.5571,52386,30,50739,114424,1268,28,1097,147,0.9213,0.9098,0.8858,86345,339,16780,114115,2137,62,228,113
dw_43p7886918872_-23p5855397912-20190921,2019-09-21,38KLV,43.7886918872,-23.5855397912,151339,0.082,0.166,0.125,0.976,0.8426,0.5512,9713,991,2637,137998,1389,226,1771,1064,0.9789,0.8654,0.616,10283,1133,2067,137856,1705,254,1455,1036,0.9763,0.8665,0.7658,11654,2895,696,136094,2561,443,599,847
dw_34p8147866077_28p5174980418-20170421,2017-04-21,36RXS,34.8147866077,28.5174980418,89808,0.578,0.109,0.101,0.4506,0.0949,0.2316,2588,10,49327,37883,443,0,1841,112,0.4566,0.1138,0.2876,3134,18,48781,37875,579,2,1705,110,0.9976,0.9979,0.952,51788,93,127,37800,2178,9,106,103
dw_45p8881429431_-16p1310714020-20190807,2019-08-07,38LNH,45.8881429431,-16.131071402,236836,0.801,0.248,0.204,0.9806,0.9879,0.7487,186858,1709,2880,45389,4927,312,1672,985,0.9795,0.9872,0.7689,187440,2548,2298,44550,5186,412,1413,885,0.9707,0.9819,0.7901,188195,5406,1543,41692,5574,632,1025,665
dw_28p5301207950_31p0400923031-20170420,2017-04-20,35RPQ,28.530120795,31.0400923031,119713,0.471,0.195,0.192,0.6217,0.3283,0.102,11066,6,45278,63363,124,6,1376,33,0.6229,0.3317,0.1072,11205,7,45139,63362,131,5,1369,34,0.9995,0.9994,0.9623,56290,8,54,63361,1449,7,51,32
dw_0p6439946875_5p8141496902-20190305,2019-03-05,30NZM,0.6439946875,5.8141496902,177239,0.567,-0.072,-0.1,0.9628,0.9663,0.6091,94748,793,5808,75890,3623,135,3162,1515,0.9709,0.9741,0.6983,96851,1455,3705,75228,4495,255,2290,1395,0.9704,0.9739,0.7517,97877,2567,2679,74116,5092,401,1693,1249
dw_43p5546675652_-21p4298683316-20190810,2019-08-10,38KLB,43.5546675652,-21.4298683316,210199,0.054,0.112,0.063,0.9855,0.8462,0.619,8366,109,2933,198791,2100,15,2464,1928,0.989,0.8894,0.7189,9282,291,2017,198609,2780,45,1784,1898,0.9867,0.8829,0.8483,10567,2070,732,196830,3869,292,695,1651
dw_-15p4808018791_12p0977026683-20190115,2019-01-15,28PDU,-15.4808018791,12.0977026683,138576,0.007,0.0,-0.02,0.9948,0.3503,0.2837,196,12,715,137653,163,0,659,98,0.9954,0.4826,0.3848,299,29,612,137636,256,0,566,98,0.9952,0.5955,0.55,488,240,423,137425,423,15,399,83
dw_-16p5981177246_14p0699127272-20191020,2019-10-20,28PCA,-16.5981177246,14.0699127272,190847,0.235,-0.031,-0.061,0.717,0.5428,0.5508,32065,41242,12766,104774,5722,500,6224,2524,0.687,0.5505,0.6655,36583,51488,8248,94528,7815,876,4131,2148,0.7265,0.5895,0.6585,37485,44856,7346,101160,7618,785,4328,2239
dw_-12p2609572603_7p5111676478-20190223,2019-02-23,28NHP,-12.2609572603,7.5111676478,162992,0.02,-0.079,-0.091,0.9902,0.6719,0.5523,1638,17,1583,159754,430,14,1342,1243,0.993,0.793,0.6392,2178,94,1043,159677,757,78,1015,1179,0.9944,0.8568,0.7904,2726,416,495,159355,1279,142,493,1115
dw_-12p6654742990_8p6119360527-20181223,2018-12-23,28PGQ,-12.665474299,8.6119360527,0,,0.0,-0.223,,,,0,0,0,0,0,0,0,0,,,,0,0,0,0,0,0,0,0,,,,0,0,0,0,0,0,0,0
dw_49p3644571640_-12p2235234286-20190625,2019-06-25,39LUG,49.364457164,-12.2235234286,220676,0.893,0.188,0.22,0.9918,0.9954,0.8105,195649,384,1415,23228,4097,305,981,1403,0.9888,0.9937,0.8212,195107,504,1957,23108,4259,394,819,1314,0.9944,0.9969,0.8604,196650,819,414,22793,4702,571,376,1137
dw_-16p3137812376_13p3819324741-20191030,2019-10-30,28PCV,-16.3137812376,13.3819324741,173854,0.056,0.186,0.161,0.9703,0.738,0.5622,7262,2704,2453,161435,1452,170,1466,649,0.9636,0.7004,0.5756,7402,4019,2313,160120,1543,211,1375,608,0.9203,0.5488,0.6599,8424,12559,1291,151580,2075,428,843,391
dw_72p8314397499_19p1609665999-20190329,2019-03-29,42QZG,72.8314397499,19.1609665999,186881,0.04,-0.032,-0.078,0.992,0.9021,0.7875,6870,877,614,178520,1459,97,354,212,0.9821,0.8089,0.8261,7088,2952,396,176445,1588,144,225,165,0.9825,0.8191,0.8789,7401,3185,83,176212,1734,178,79,131
dw_94p4985339347_27p0498068352-20190119,2019-01-19,46RFQ,94.4985339347,27.0498068352,122434,0.629,0.241,0.209,0.9684,0.9747,0.7749,74483,1345,2524,44082,5585,597,1422,1364,0.9695,0.9756,0.7915,74867,1600,2140,43827,5849,712,1158,1249,0.9515,0.9625,0.8003,76167,5098,840,40329,6535,1319,472,642
dw_89p5106586237_23p3347134686-20191014,2019-10-14,45QYF,89.5106586237,23.3347134686,197019,0.032,0.07,-0.026,0.9833,0.6639,0.4401,3250,142,3149,190478,490,4,1968,1060,0.9785,0.6898,0.6403,4704,2535,1695,188085,1213,22,1245,1042,0.9656,0.6013,0.7337,5105,5475,1294,185145,1593,73,865,991
dw_98p6305241673_22p8301946164-20190207,2019-02-07,47QMF,98.6305241673,22.8301946164,184126,0.021,0.077,0.13,0.9929,0.7919,0.6384,2500,5,1309,180312,530,5,626,584,0.9971,0.925,0.7169,3287,11,522,180306,673,11,483,578,0.9856,0.7372,0.851,3726,2573,83,177744,1076,180,80,409
dw_107p9459135480_22p1422143633-20190923,2019-09-23,48QYK,107.945913548,22.1422143633,218313,0.02,0.0,-0.018,0.9914,0.7584,0.6627,2957,578,1306,213472,1230,69,1004,878,0.9873,0.6998,0.7133,3243,1763,1020,212287,1375,53,859,894,0.9725,0.5352,0.7573,3451,5182,812,208868,1545,83,689,864
dw_120p3938551259_27p2332682361-20190330,2019-03-30,51RTL,120.3938551259,27.2332682361,94874,0.579,0.126,0.134,0.9489,0.9538,0.5932,50049,0,4851,39974,1408,0,989,34,0.9393,0.9446,0.5693,49140,1,5760,39973,1350,0,1047,34,0.9766,0.9794,0.6273,52766,84,2134,39890,1491,0,906,34
dw_48p9149032073_-12p9789527261-20190605,2019-06-05,39LTF,48.9149032073,-12.9789527261,124330,0.259,0.234,0.201,0.9827,0.9663,0.8214,30820,796,1356,91358,5139,219,1315,1916,0.9843,0.9696,0.8584,31209,988,967,91166,5512,274,942,1861,0.9745,0.9525,0.8944,31776,2771,400,89383,6055,508,399,1627
dw_79p4808318425_18p7481784481-20190325,2019-03-25,44QLF,79.4808318425,18.7481784481,208442,0.197,0.087,0.073,0.9935,0.9832,0.6996,39764,160,1198,167320,1542,44,886,624,0.9945,0.986,0.7687,40056,235,906,167245,1761,49,667,619,0.9916,0.9789,0.8272,40442,1222,520,166258,2025,132,403,536
dw_99p7495777373_18p2895249460-20190224,2019-02-24,47QNA,99.7495777373,18.289524946,213666,0.05,0.029,0.031,0.9809,0.77,0.3575,6841,304,3783,202738,297,0,1885,752,0.9832,0.8028,0.3885,7311,279,3313,202763,393,5,1789,747,0.985,0.8371,0.514,8250,837,2374,202205,786,30,1396,722
dw_77p8319653978_11p8225105671-20190330,2019-03-30,43PHP,77.8319653978,11.8225105671,190398,0.363,0.085,0.087,0.9899,0.986,0.5659,67201,4,1910,121283,1744,0,1505,218,0.9918,0.9886,0.6247,67561,6,1550,121281,1949,1,1300,217,0.999,0.9986,0.9729,69003,85,108,121202,3174,19,75,199
dw_77p3214471124_12p3270294194-20190325,2019-03-25,43PGP,77.3214471124,12.3270294194,0,,0.0,-0.201,,,,0,0,0,0,0,0,0,0,,,,0,0,0,0,0,0,0,0,,,,0,0,0,0,0,0,0,0
dw_80p2301892962_8p0615518503-20181217,2018-12-17,44NMP,80.2301892962,8.0615518503,0,,0.0,-0.199,,,,0,0,0,0,0,0,0,0,,,,0,0,0,0,0,0,0,0,,,,0,0,0,0,0,0,0,0
dw_48p2358018093_-15p8702684302-20190625,2019-06-25,38LRH,48.2358018093,-15.8702684302,211400,0.053,0.028,0.009,0.9722,0.6456,0.2737,5346,6,5863,200185,314,2,2230,527,0.9745,0.6849,0.3072,5853,30,5356,200161,416,1,2128,528,0.9755,0.7435,0.466,7522,1502,3687,198689,925,22,1619,507
dw_81p2733633308_28p6550940924-20181230,2018-12-30,44RNS,81.2733633308,28.6550940924,224765,0.033,0.122,0.085,0.9915,0.8535,0.4684,5565,0,1911,217289,446,0,1220,629,0.9951,0.9206,0.6087,6408,38,1068,217251,805,37,861,592,0.9739,0.7057,0.7752,7023,5405,453,211884,1232,82,434,547
dw_72p5923588818_34p2048014672-20191011,2019-10-11,43SBT,72.5923588818,34.2048014672,91400,0.02,0.0,0.079,0.9912,0.7263,0.4242,1064,0,802,89534,9,0,209,145,0.9969,0.9174,0.4986,1582,1,284,89533,37,1,181,144,0.9955,0.8858,0.5344,1606,154,260,89380,60,11,158,134
dw_45p0483475803_-20p8336187789-20190812,2019-08-12,38KMB,45.0483475803,-20.8336187789,224643,0.016,-0.131,-0.049,0.9939,0.7804,0.6104,2436,247,1124,220836,1262,19,1073,449,0.9935,0.7548,0.5466,2252,155,1308,220928,1077,13,1258,455,0.9814,0.6105,0.8687,3277,3898,283,217185,2053,86,282,382
dw_80p2873123112_29p2054782949-20190427,2019-04-27,44RMT,80.2873123112,29.2054782949,117488,0.076,0.02,0.039,0.9867,0.908,0.7289,7700,276,1284,108228,2199,239,935,958,0.9926,0.9502,0.8024,8352,243,632,108261,2506,228,628,969,0.993,0.9547,0.8797,8671,509,313,107995,2822,209,312,988
dw_132p9737351930_35p4431659228-20190522,2019-05-22,53SLV,132.973735193,35.4431659228,252169,0.892,-0.117,-0.106,0.9958,0.9977,0.9726,224912,923,130,26204,3338,41,55,71,0.9951,0.9973,0.9872,225036,1226,6,25901,3387,39,6,73,0.976,0.9865,0.9526,221456,2473,3586,24654,3267,40,126,72
dw_129p4727739580_33p2416291129-20191101,2019-11-01,52SEB,129.472773958,33.2416291129,247729,0.308,0.191,0.167,0.9972,0.9954,0.8364,75775,133,571,171250,2189,64,413,250,0.9983,0.9972,0.8978,76111,186,235,171197,2383,79,219,235,0.9893,0.983,0.9105,76270,2567,76,168816,2530,189,72,125
dw_121p7866248848_29p9393238982-20181217,2018-12-17,51RUP,121.7866248848,29.9393238982,207974,0.054,0.167,0.037,0.9852,0.8469,0.4785,8512,371,2707,196384,698,18,1902,1064,0.9661,0.7354,0.6746,9799,5630,1420,191125,1468,66,1132,1016,0.9238,0.5568,0.7018,9954,14584,1265,182171,1597,95,1003,987
dw_116p4947390477_33p7461479652-20190927,2019-09-27,50SMC,116.4947390477,33.7461479652,242604,0.004,0.0,-0.188,0.9963,0.0,0.2563,0,0,902,241702,0,0,676,233,0.9957,0.3162,0.396,243,392,659,241310,135,8,541,225,0.9953,0.3873,0.4961,359,593,543,241109,225,7,451,226
dw_47p6036428633_-15p7425649061-20190807,2019-08-07,38LQH,47.6036428633,-15.7425649061,168438,0.216,0.08,0.071,0.9532,0.8808,0.483,29103,662,7214,131459,2597,21,4630,1749,0.9647,0.9128,0.5577,31108,737,5209,131384,3284,36,3943,1734,0.9734,0.9371,0.7264,33326,1485,2991,130636,4858,93,2369,1677
dw_75p1276684753_32p1408607080-20181219,2018-12-19,43SER,75.1276684753,32.140860708,209919,0.022,-0.125,-0.07,0.9895,0.7174,0.6185,2804,309,1900,204906,2093,66,1695,762,0.9872,0.6295,0.5188,2279,258,2425,204957,1588,21,2200,807,0.9866,0.6371,0.5513,2474,589,2230,204626,1736,19,2052,809
dw_84p2340519740_50p6704621909-20190922,2019-09-22,44UQB,84.234051974,50.6704621909,108125,0.019,0.0,-0.176,0.9815,0.0601,0.1743,64,7,1994,106060,3,0,540,111,0.9841,0.3126,0.2508,390,47,1668,106020,56,3,487,108,0.983,0.5719,0.4419,1227,1006,831,105061,184,6,359,105
dw_34p6697263097_39p8921048927-20170703,2017-07-03,36TXK,34.6697263097,39.8921048927,148450,0.088,0.121,0.158,0.9916,0.9496,0.5925,11776,2,1249,135423,208,2,652,743,0.9931,0.9589,0.6287,12008,12,1017,135413,275,11,585,734,0.9968,0.9817,0.7333,12663,109,362,135316,519,87,341,658
dw_96p0194044790_52p5509415493-20190828,2019-08-28,46UFD,96.019404479,52.5509415493,238885,0.026,-0.06,-0.079,0.9934,0.8528,0.3423,4540,0,1567,232778,408,0,1078,153,0.9958,0.9101,0.5223,5105,6,1002,232772,704,1,782,152,0.9989,0.9775,0.8835,5917,83,190,232695,1297,2,189,151
dw_123p5772806068_64p4759326027-20190721,2019-07-21,51WWM,123.5772806068,64.4759326027,189887,0.05,0.101,0.025,0.9966,0.9648,0.3838,8924,0,651,180312,215,0,480,84,0.9984,0.984,0.6393,9274,0,301,180312,414,0,281,84,0.9992,0.9916,0.8331,9445,30,130,180282,569,4,126,80
dw_75p7669113046_61p0360313373-20190813,2019-08-13,43VEH,75.7669113046,61.0360313373,152912,0.324,0.083,0.001,0.9782,0.9652,0.5139,46273,76,3257,103306,2151,0,2187,161,0.9841,0.9751,0.6688,47533,433,1997,102949,2851,3,1487,158,0.9681,0.9526,0.892,48972,4315,558,99067,3889,37,449,124
dw_49p0326047550_56p9540151690-20190607,2019-06-07,39VUD,49.032604755,56.954015169,77594,0.012,0.0,0.008,0.9936,0.6466,0.3869,452,0,494,76648,22,0,290,161,0.9971,0.8642,0.5412,722,3,224,76645,96,1,216,160,0.9961,0.8524,0.7907,878,236,68,76412,244,31,68,130
dw_73p5963691955_60p3021857340-20190702,2019-07-02,43VDG,73.5963691955,60.302185734,104495,0.461,0.189,0.158,0.9882,0.987,0.673,46988,8,1228,56271,1744,0,867,40,0.9909,0.9901,0.7548,47328,63,888,56216,1963,2,648,38,0.9953,0.995,0.9604,48117,389,99,55890,2513,7,98,33
dw_109p0594842022_53p4223832032-20190702,2019-07-02,48UYE,109.0594842022,53.4223832032,174630,0.081,-0.031,-0.05,0.9892,0.9284,0.5839,12277,51,1843,160459,1615,25,1487,507,0.9937,0.9598,0.7309,13124,103,996,160407,2165,41,937,491,0.9923,0.9537,0.9086,13879,1107,241,159403,2862,92,240,440
dw_52p9800610439_58p0089182237-20190609,2019-06-09,39VXE,52.9800610439,58.0089182237,79298,0.033,-0.008,-0.024,0.992,0.863,0.4752,2003,0,636,76659,365,0,550,133,0.9945,0.9108,0.6508,2220,16,419,76643,550,1,365,132,0.9949,0.9243,0.876,2483,251,156,76408,788,3,127,130
dw_142p3554346233_-10p8808377844-20190510,2019-05-10,54LXP,142.3554346233,-10.8808377844,210230,0.351,0.3,0.3,0.973,0.96,0.543,68151,0,5684,136395,2172,0,1904,90,0.9725,0.9593,0.554,68057,2,5778,136393,2218,0,1858,90,0.9765,0.9669,0.8622,72286,3394,1549,133001,3505,3,571,87
dw_143p5272500789_-13p7244894971-20190907,2019-09-07,54LYK,143.5272500789,-13.7244894971,166142,0.313,0.283,0.284,0.9962,0.9938,0.817,51470,42,597,114033,1624,0,385,95,0.9973,0.9957,0.866,51717,96,350,113979,1728,1,281,94,0.9886,0.9822,0.9211,51896,1715,171,112360,1882,39,127,56
dw_81p3382966252_28p1964405904-20181230,2018-12-30,44RNS,81.3382966252,28.1964405904,231844,0.021,-0.02,0.025,0.9849,0.5033,0.499,1769,283,3208,226584,1118,23,2942,1835,0.9848,0.4991,0.5002,1756,303,3221,226564,1123,21,2937,1837,0.9828,0.5313,0.5585,2257,1262,2720,225605,1531,84,2529,1774
dw_79p9700062424_29p0678822443-20181218,2018-12-18,44RLT,79.9700062424,29.0678822443,0,,0.0,0.0,,,,0,0,0,0,0,0,0,0,,,,0,0,0,0,0,0,0,0,,,,0,0,0,0,0,0,0,0
dw_79p5320063247_28p9761515439-20181218,2018-12-18,44RLT,79.5320063247,28.9761515439,166033,0.012,-0.229,-0.145,0.9915,0.5641,0.5383,918,338,1081,163696,535,39,835,484,0.9915,0.4961,0.4754,692,99,1307,163935,399,22,971,501,0.9865,0.359,0.449,626,862,1373,163172,358,31,1012,492
dw_45p0896831579_-20p9712148295-20190812,2019-08-12,38KMB,45.0896831579,-20.9712148295,142121,0.007,0.0,-0.08,0.9961,0.6288,0.4879,465,0,549,141107,227,0,467,218,0.9978,0.8162,0.6831,704,7,310,141100,406,1,288,217,0.991,0.5531,0.6776,787,1045,227,140062,481,81,213,137
dw_44p4716631194_48p6982521321-20190321,2019-03-21,38UMU,44.4716631194,48.6982521321,222129,0.067,-0.03,-0.042,0.9882,0.9076,0.6593,12922,712,1918,206577,597,9,424,241,0.9834,0.8755,0.6562,12972,1822,1868,205467,637,53,384,197,0.9927,0.9483,0.8198,14803,1577,37,205712,984,192,37,58
dw_85p0021841950_55p3028625616-20190813,2019-08-13,45UUB,85.002184195,55.3028625616,200620,0.007,0.0,-0.248,0.9928,0.0055,0.4541,4,0,1437,199179,0,0,1231,1024,0.9928,0.3081,0.518,321,322,1120,198857,214,70,1017,954,0.9945,0.5341,0.6572,638,310,803,198869,502,44,729,980
dw_124p2535739387_47p0470995247-20190904,2019-09-04,51TWN,124.2535739387,47.0470995247,160917,0.077,0.2,0.163,0.982,0.8726,0.3783,9891,409,2480,148137,510,0,1175,205,0.9852,0.9048,0.6397,11306,1315,1065,147231,1008,4,677,201,0.9666,0.8164,0.7952,11936,4933,435,143613,1329,31,356,174
dw_46p8261330958_48p2395986300-20190410,2019-04-10,38UPU,46.8261330958,48.23959863,70362,0.035,0.284,0.254,0.9824,0.7381,0.7068,1747,526,714,67375,1343,4,559,14,0.9807,0.7153,0.6901,1707,605,754,67296,1311,4,591,14,0.9712,0.6849,0.8776,2203,1769,258,66132,1674,7,228,11
dw_96p0496415199_56p2660349159-20190630,2019-06-30,47VLC,96.0496415199,56.2660349159,190760,0.021,0.077,-0.011,0.9954,0.8771,0.4427,3163,0,886,186711,180,0,608,303,0.9969,0.9232,0.5976,3518,54,531,186657,355,6,433,297,0.9972,0.9354,0.791,3818,296,231,186415,585,25,203,278
dw_85p9630956461_54p8900744098-20190627,2019-06-27,45UVA,85.9630956461,54.8900744098,0,,0.0,-0.275,,,,0,0,0,0,0,0,0,0,,,,0,0,0,0,0,0,0,0,,,,0,0,0,0,0,0,0,0
dw_83p2460880608_51p4960384946-20190922,2019-09-22,44UPC,83.2460880608,51.4960384946,174388,0.025,0.0,0.037,0.979,0.2552,0.2584,628,0,3666,170094,19,0,1771,598,0.9827,0.46,0.3421,1288,18,3006,170076,222,3,1568,595,0.9885,0.7468,0.531,2962,677,1332,169417,675,5,1115,593
dw_118p7252596494_37p4153759816-20190927,2019-09-27,50SPG,118.7252596494,37.4153759816,152808,0.184,0.255,0.206,0.9293,0.7636,0.4023,17438,121,10677,124572,597,0,6506,3782,0.9422,0.8172,0.4397,19734,446,8381,124247,1006,2,6097,3780,0.928,0.7964,0.5194,21504,4384,6611,120309,2009,137,5094,3645
dw_124p7233810870_45p8546004194-20190911,2019-09-11,51TXL,124.723381087,45.8546004194,181284,0.107,0.167,0.17,0.914,0.3397,0.2246,4010,262,15328,161684,549,15,6655,1383,0.9162,0.3703,0.2348,4465,314,14873,161632,637,15,6567,1383,0.9314,0.5731,0.3826,8346,1440,10992,160506,1954,61,5250,1337
dw_132p3740025883_47p8726758284-20190922,2019-09-22,52UGU,132.3740025883,47.8726758284,39106,0.062,0.119,0.058,0.9578,0.569,0.3405,1090,335,1316,36365,22,1,456,214,0.956,0.581,0.3521,1193,508,1213,36192,30,1,448,214,0.9302,0.6269,0.8442,2294,2618,112,34082,397,27,81,188
dw_128p1224495604_50p7621928913-20190926,2019-09-26,52UDB,128.1224495604,50.7621928913,0,,0.0,0.0,,,,0,0,0,0,0,0,0,0,,,,0,0,0,0,0,0,0,0,,,,0,0,0,0,0,0,0,0
dw_49p4130270225_30p9483616027-20190727,2019-07-27,39RUQ,49.4130270225,30.9483616027,175299,0.039,-0.052,-0.014,0.9289,0.3947,0.6311,4061,9751,2707,158780,2289,77,2006,1275,0.9397,0.4607,0.6704,4516,8322,2252,160209,2507,73,1788,1279,0.9218,0.4293,0.7446,5156,12094,1612,156437,2958,105,1337,1247
dw_133p0653933067_46p0380618202-20191022,2019-10-22,53TLM,133.0653933067,46.0380618202,217511,0.008,0.0,0.103,0.9916,0.0,0.2715,0,0,1822,215689,0,0,1723,642,0.9917,0.0087,0.2748,8,0,1814,215689,8,0,1715,642,0.9603,0.0777,0.4131,364,7183,1458,208506,340,5,1383,637
dw_134p5874674093_47p4598876765-20191002,2019-10-02,53TMN,134.5874674093,47.4598876765,160762,0.049,0.108,0.107,0.991,0.8987,0.4463,6404,0,1443,152915,250,0,670,290,0.992,0.9109,0.4496,6563,0,1284,152915,254,0,666,290,0.9935,0.9287,0.4818,6818,18,1029,152897,293,0,627,290
dw_125p0556501349_46p4967153222-20191006,2019-10-06,51TXM,125.0556501349,46.4967153222,160052,0.055,0.207,0.119,0.9804,0.7918,0.3227,5970,291,2849,150942,533,0,1568,214,0.9782,0.7821,0.3879,6267,941,2552,150292,685,1,1416,213,0.9646,0.7189,0.5624,7248,4096,1571,147137,1095,7,1006,207
dw_168p4245129254_-44p6377355354-20190301,2019-03-01,58GGR,168.4245129254,-44.6377355354,129289,0.005,0.227,0.231,0.9932,0.0068,0.3098,3,255,620,128411,3,0,205,89,0.9917,0.0201,0.3232,11,458,612,128208,9,2,199,87,0.9431,0.028,0.4714,106,6840,517,121826,72,21,136,68
dw_101p5024984900_36p5439343277-20190811,2019-08-11,47SQA,101.50249849,36.5439343277,207222,0.023,-0.105,-0.162,0.9486,0.447,0.524,4301,10126,517,192278,183,20,367,243,0.8817,0.2663,0.5953,4448,24139,370,178265,273,52,277,211,0.9961,0.9202,0.7097,4621,605,197,201799,364,50,186,213
dw_116p6402902256_6p0434764413-20190302,2019-03-02,50NMM,116.6402902256,6.0434764413,233886,0.019,0.0,0.05,0.9984,0.9542,0.6028,3952,0,379,229555,15,0,170,243,0.9992,0.979,0.6986,4155,2,176,229553,58,2,127,241,0.9955,0.8896,0.8435,4284,1016,47,228539,138,20,47,223
dw_171p3576379696_-43p0324482782-20190228,2019-02-28,59GNN,171.3576379696,-43.0324482782,141384,0.017,-0.226,-0.218,0.7664,0.0767,0.5811,1372,31937,1087,106988,754,104,694,353,0.7347,0.0741,0.5963,1501,36548,958,102377,834,155,614,302,0.9563,0.139,0.3753,499,4220,1960,134705,327,69,1121,388
dw_27p0464989706_46p3591192716-20170605,2017-06-05,35TNM,27.0464989706,46.3591192716,223521,0.279,0.016,0.022,0.9939,0.989,0.4862,61053,7,1355,161106,883,7,1218,276,0.9948,0.9905,0.5348,61242,3,1166,161110,993,1,1108,282,0.9969,0.9944,0.7164,61729,14,679,161099,1432,7,669,276
dw_165p7199898908_60p5773778352-20190915,2019-09-15,58VEN,165.7199898908,60.5773778352,192209,0.024,-0.019,-0.036,0.9915,0.7889,0.4237,3047,6,1625,187531,141,6,908,531,0.993,0.8326,0.4779,3344,17,1328,187520,238,17,811,520,0.9958,0.9153,0.7516,4313,439,359,187098,722,67,327,470
dw_159p0763340273_53p9727674057-20190518,2019-05-18,57UVV,159.0763340273,53.9727674057,138456,0.012,-0.217,-0.156,0.9685,0.4073,0.8638,1498,4219,140,132599,520,57,140,729,0.9742,0.4581,0.8548,1510,3445,128,133373,535,85,125,701,0.9878,0.653,0.87,1590,1642,48,135176,612,140,48,646
dw_28p1630124066_43p4237368585-20170503,2017-05-03,35TNJ,28.1630124066,43.4237368585,207726,0.039,0.16,0.081,0.9967,0.9555,0.6823,7348,29,655,199694,637,26,387,250,0.9979,0.9723,0.7562,7668,102,335,199621,789,82,235,194,0.9979,0.9726,0.8046,7887,328,116,199395,931,161,93,115
dw_163p4653829030_59p8893975822-20190508,2019-05-08,58VDM,163.465382903,59.8893975822,30502,0.534,0.3,0.239,0.9868,0.9877,0.8644,16163,272,131,13936,845,30,104,9,0.9556,0.9599,0.8917,16210,1269,84,12939,871,29,78,10,0.9501,0.9554,0.9504,16274,1501,20,12707,929,29,20,10
dw_120p8842332005_-33p2172633343-20190715,2019-07-15,51HTD,120.8842332005,-33.2172633343,28773,0.551,0.199,0.125,0.4972,0.1617,0.16,1395,0,14468,12910,27,0,2813,509,0.5042,0.183,0.1648,1598,0,14265,12910,43,0,2797,509,0.5295,0.26,0.172,2378,53,13485,12857,68,1,2772,508
dw_26p4428127120_40p2590276943-20170426,2017-04-26,35TME,26.442812712,40.2590276943,114228,0.126,-0.059,-0.068,0.9979,0.9918,0.7973,14191,4,232,99801,637,0,166,16,0.9981,0.9924,0.8291,14230,24,193,99781,665,2,138,14,0.9978,0.9913,0.8022,14209,35,214,99770,642,1,161,15
dw_34p6608579380_36p8191264289-20170514,2017-05-14,36SXF,34.660857938,36.8191264289,220033,0.209,-0.1,-0.112,0.9257,0.8472,0.7466,45320,15592,761,158360,2356,366,531,287,0.8787,0.7737,0.7907,45616,26224,465,147728,2557,411,330,242,0.7928,0.0381,0.1955,903,422,45178,173530,41,2,2846,651
dw_81p4236952477_16p4090455876-20190101,2019-01-01,44QND,81.4236952477,16.4090455876,125046,0.072,0.222,0.161,0.6621,0.2275,0.4862,6221,39467,2782,76576,842,2,1965,1019,0.6155,0.2218,0.5462,6853,45930,2150,70113,1105,35,1702,986,0.5163,0.2003,0.6379,7573,59059,1430,56984,1544,123,1263,898
dw_137p7928997657_-32p5292830812-20190214,2019-02-14,54HTK,137.7928997657,-32.5292830812,25672,0.0,-0.066,-0.066,0.9852,0.0,0.5,0,380,1,25291,0,0,1,1,0.9857,0.0,0.5,0,365,1,25306,0,0,1,1,0.9873,0.0,0.5,0,326,1,25345,0,0,1,1
dw_108p8602882905_40p9011425972-20190825,2019-08-25,49TCF,108.8602882905,40.9011425972,217355,0.015,0.044,0.033,0.7671,0.1071,0.7833,3035,50297,329,163694,359,40,136,277,0.7528,0.1093,0.8288,3298,53668,66,160323,430,74,65,243,0.6256,0.0759,0.8362,3343,81346,21,132645,474,112,21,205
dw_80p2906159963_13p1067403729-20190511,2019-05-11,44PMV,80.2906159963,13.1067403729,256568,0.31,0.05,0.039,0.989,0.9821,0.7556,77057,266,2550,176695,3152,119,1094,599,0.9909,0.9851,0.8094,77589,329,2018,176632,3448,148,798,570,0.9873,0.9797,0.9116,78836,2489,771,174472,4053,246,193,472
dw_70p7175323092_22p6467332155-20191008,2019-10-08,42QXL,70.7175323092,22.6467332155,234605,0.013,0.064,0.005,0.9977,0.9128,0.7184,2847,236,308,231214,372,20,292,424,0.9961,0.864,0.7581,2910,671,245,230779,429,33,235,411,0.983,0.5965,0.7699,2946,3776,209,227674,462,53,202,391
dw_104p4779163736_-1p6619023931-20190905,2019-09-05,48MVD,104.4779163736,-1.6619023931,188095,0.377,0.163,0.163,0.9941,0.9921,0.7294,69790,5,1110,117190,1823,5,1020,940,0.9952,0.9935,0.7719,70003,15,897,117180,1984,5,859,940,0.9928,0.9905,0.9263,70724,1186,176,116009,2667,103,176,842
dw_109p2043317643_-0p1483458364-20190714,2019-07-14,49MCV,109.2043317643,-0.1483458364,0,,0.0,0.0,,,,0,0,0,0,0,0,0,0,,,,0,0,0,0,0,0,0,0,,,,0,0,0,0,0,0,0,0
dw_109p2045930911_-0p1942111866-20190714,2019-07-14,49MCV,109.2045930911,-0.1942111866,83451,0.002,0.0,0.0,0.9997,0.9003,0.84,131,0,29,83291,44,0,16,40,1.0,0.9905,0.97,157,0,3,83291,57,0,3,40,0.9998,0.9461,0.93,158,16,2,83275,58,5,2,35
dw_116p1440031366_-1p8453637939-20190215,2019-02-15,50MLD,116.1440031366,-1.8453637939,183506,0.01,0.028,-0.01,0.9942,0.6547,0.5844,1003,208,850,181445,227,8,578,597,0.9926,0.6822,0.6901,1449,946,404,180707,413,45,392,560,0.9769,0.4308,0.7688,1602,3982,251,177671,557,78,248,527
dw_139p1145221115_-7p6702632700-20191018,2019-10-18,54MTS,139.1145221115,-7.67026327,171692,0.015,0.083,0.088,0.9951,0.8055,0.7567,1752,32,814,169094,797,31,538,973,0.9984,0.9456,0.8893,2406,117,160,169009,1175,99,160,905,0.9977,0.9287,0.8906,2540,364,26,168762,1309,230,26,774
dw_72p2700233150_22p0963490131-20191015,2019-10-15,42QZK,72.270023315,22.0963490131,85161,0.232,0.08,0.072,0.8502,0.5266,0.3984,7094,67,12686,65314,1206,6,3592,1177,0.8527,0.5407,0.408,7382,144,12398,65237,1272,15,3526,1168,0.914,0.7886,0.6798,13666,1211,6114,64170,3059,176,1739,1007
dw_100p1421878843_7p6487636984-20190323,2019-03-23,47NPJ,100.1421878843,7.6487636984,240670,0.349,-0.013,-0.017,0.9915,0.9879,0.8558,83693,1683,359,154935,1893,86,277,262,0.9881,0.9832,0.8654,83730,2538,322,154080,1905,74,265,274,0.9735,0.9633,0.8582,83856,6191,196,150427,2002,189,168,159
dw_-5p1003944901_54p8442090596-20170717,2017-07-17,30UUF,-5.1003944901,54.8442090596,135822,0.472,0.152,0.159,0.9808,0.9792,0.6388,61555,8,2601,71658,1491,6,980,253,0.9812,0.9797,0.644,61608,9,2548,71657,1508,9,963,250,0.9886,0.9879,0.7934,63271,664,885,71002,1972,65,499,194
dw_98p6565682244_1p7779988722-20190313,2019-03-13,47NMB,98.6565682244,1.7779988722,229298,0.532,0.034,0.003,0.9735,0.9745,0.6455,115967,2,6078,107251,2397,2,1615,547,0.9765,0.9775,0.6902,116798,134,5247,107119,2666,67,1346,482,0.9949,0.9952,0.8691,121392,513,653,106740,3626,211,386,338
dw_-40p2238009060_-20p2454631116-20190809,2019-08-09,24KUC,-40.223800906,-20.2454631116,176790,0.565,0.3,0.3,0.9889,0.99,0.7492,97990,11,1960,76829,2957,2,1196,621,0.9894,0.9905,0.7613,98103,32,1847,76808,3023,10,1130,613,0.9926,0.9934,0.8771,99364,728,586,76112,3622,56,531,567
dw_-43p3115886667_-22p9793977120-20181215,2018-12-15,23KPQ,-43.3115886667,-22.979397712,183825,0.074,0.128,0.083,0.9946,0.9627,0.4714,12701,16,968,170140,499,0,694,120,0.9957,0.9706,0.5621,12972,89,697,170067,618,0,575,120,0.9963,0.9747,0.7212,13266,285,403,169871,837,10,356,110
dw_-49p6975928365_-23p2761735075-20190209,2019-02-09,22KFV,-49.6975928365,-23.2761735075,142544,0.468,0.128,0.06,0.9609,0.9565,0.4558,61207,5,5568,75764,3409,5,4676,512,0.9756,0.9733,0.6339,63332,32,3443,75737,4959,23,3126,494,0.9946,0.9943,0.9196,66183,171,592,75598,7496,103,589,414
dw_-61p4600354668_-11p4366179104-20190617,2019-06-17,20LPN,-61.4600354668,-11.4366179104,176795,0.037,-0.001,-0.006,0.9892,0.8301,0.398,4654,6,1899,170236,384,0,1183,398,0.9945,0.9205,0.5975,5613,30,940,170212,782,6,785,392,0.9941,0.9194,0.717,5946,436,607,169806,1079,68,488,330
dw_-73p7590235248_-10p7441410543-20190702,2019-07-02,18LXP,-73.7590235248,-10.7441410543,176125,0.13,0.198,0.153,0.9891,0.9566,0.6967,21173,116,1807,153029,2724,71,1589,1090,0.992,0.9687,0.7729,21732,157,1248,152988,3156,86,1157,1075,0.9881,0.9556,0.8738,22589,1709,391,151436,3955,333,358,828
dw_-36p6260069619_-5p1233873527-20190605,2019-06-05,24MYV,-36.6260069619,-5.1233873527,85959,0.433,0.273,0.245,0.9078,0.891,0.7455,32379,3124,4802,45654,11675,90,4128,679,0.9153,0.9014,0.7854,33283,3381,3898,45397,12355,109,3448,660,0.9065,0.8983,0.8915,35503,6363,1678,42415,14293,288,1510,481
dw_-37p7561031964_-4p4983595411-20190809,2019-08-09,24MXA,-37.7561031964,-4.4983595411,205011,0.045,0.16,0.146,0.982,0.8231,0.6638,8571,2927,757,192756,902,4,464,22,0.976,0.7806,0.7126,8737,4320,591,191363,972,6,394,20,0.9339,0.571,0.7881,9012,13228,316,182455,1079,8,287,18
dw_-38p2569843796_-9p3591873423-20181227,2018-12-27,24LWQ,-38.2569843796,-9.3591873423,155245,0.291,0.046,-0.091,0.9508,0.9075,0.2944,37509,0,7642,110094,986,0,2541,74,0.9777,0.9602,0.4829,41714,22,3437,110072,1665,0,1862,74,0.9944,0.9903,0.8092,44409,124,742,109970,2851,11,676,63
dw_-40p5443792369_-9p3951601660-20190603,2019-06-03,24LUQ,-40.5443792369,-9.395160166,154255,0.099,0.058,0.12,0.9963,0.9809,0.6726,14699,40,532,138984,680,0,331,0,0.9957,0.9776,0.6785,14584,20,647,139004,686,0,325,0,0.9991,0.9956,0.9268,15152,55,79,138969,937,0,74,0
dw_-66p1236633687_-17p4081066430-20190618,2019-06-18,19KHA,-66.1236633687,-17.408106643,174052,0.072,0.114,0.08,0.9969,0.978,0.71,11984,8,530,161530,892,0,381,41,0.9981,0.987,0.7968,12238,46,276,161492,1007,1,266,40,0.9948,0.9647,0.8881,12370,761,144,160777,1130,4,143,37
dw_-99p7961188430_16p7795656716-20190402,2019-04-02,14QMD,-99.796118843,16.7795656716,183635,0.451,0.146,0.14,0.9984,0.9982,0.9877,82842,252,48,100493,2658,0,33,0,0.9968,0.9965,0.9933,82872,566,18,100179,2673,0,18,0,0.9921,0.9913,0.997,82882,1445,8,99300,2683,0,8,0
dw_-107p4616080181_28p4527469592-20181220,2018-12-20,13RBM,-107.4616080181,28.4527469592,226757,0.24,0.162,0.095,0.9859,0.9697,0.4816,51238,1,3204,172314,1659,1,2425,595,0.992,0.9831,0.6417,52632,4,1810,172311,2410,3,1674,593,0.9941,0.9877,0.7927,53492,385,950,171930,3151,37,933,559
dw_-103p0874414996_20p9497152579-20190329,2019-03-29,13QFD,-103.0874414996,20.9497152579,215311,0.026,-0.052,-0.081,0.996,0.9177,0.4557,4863,116,756,209576,309,0,491,102,0.9969,0.9383,0.5499,5121,175,498,209517,394,0,406,102,0.9942,0.8944,0.6807,5296,928,323,208764,520,8,280,94
dw_-105p1458977892_24p8024046752-20190116,2019-01-16,13RDH,-105.1458977892,24.8024046752,163064,0.024,0.112,0.068,0.9934,0.8417,0.4412,2864,0,1077,159123,69,0,765,535,0.9951,0.8861,0.5062,3139,5,802,159118,158,0,676,535,0.994,0.8775,0.6844,3507,545,434,158578,421,19,413,516
dw_-76p1519266438_41p2500789870-20190511,2019-05-11,18TUL,-76.1519266438,41.250078987,207508,0.036,-0.175,-0.189,0.9847,0.7513,0.4259,4805,455,2727,199521,121,45,1752,1212,0.985,0.7715,0.4847,5269,858,2263,199118,322,62,1551,1195,0.9941,0.9163,0.7204,6648,331,884,199645,1083,85,790,1172
dw_-93p5931345775_47p0057307775-20190520,2019-05-20,15TVN,-93.5931345775,47.0057307775,137976,0.187,-0.164,-0.157,0.9444,0.8287,0.2627,18562,381,7294,111739,113,1,2416,748,0.9447,0.8312,0.3194,18803,582,7053,111538,302,4,2227,745,0.9912,0.9765,0.7752,25094,447,762,111673,1843,51,686,698
dw_-92p4153737966_45p2475590196-20190606,2019-06-06,15TWL,-92.4153737966,45.2475590196,0,,0.0,-0.262,,,,0,0,0,0,0,0,0,0,,,,0,0,0,0,0,0,0,0,,,,0,0,0,0,0,0,0,0
dw_-73p4148714675_44p0694490437-20190508,2019-05-08,18TXP,-73.4148714675,44.0694490437,228666,0.599,0.183,0.173,0.9952,0.996,0.7849,135985,15,1080,91586,2358,8,757,433,0.9978,0.9981,0.8709,136578,20,487,91581,2676,20,439,421,0.9982,0.9985,0.9168,136846,189,219,91412,2901,82,214,359
dw_11p8053433335_65p6306602431-20190616,2019-06-16,32WPT,11.8053433335,65.6306602431,87431,0.631,0.3,0.3,0.4895,0.32,0.2703,10505,7,44629,32290,552,2,3416,714,0.498,0.3395,0.295,11282,42,43852,32255,669,3,3299,713,0.9723,0.978,0.8087,53966,1255,1168,31042,3109,37,859,679
dw_-73p7820362411_42p3022840799-20190423,2019-04-23,18TWM,-73.7820362411,42.3022840799,179260,0.332,0.111,0.067,0.9535,0.9249,0.5247,51298,119,8209,119634,2097,83,4938,3446,0.965,0.9446,0.5869,53468,230,6039,119523,2846,175,4189,3354,0.9739,0.9595,0.6622,55403,578,4104,119175,3827,361,3208,3168
dw_-107p5397427472_38p8983556382-20190609,2019-06-09,12SYJ,-107.5397427472,38.8983556382,0,,-0.175,-0.136,,,,0,0,0,0,0,0,0,0,,,,0,0,0,0,0,0,0,0,,,,0,0,0,0,0,0,0,0
dw_-121p1456736492_47p8645819431-20190806,2019-08-06,10UFU,-121.1456736492,47.8645819431,231198,0.028,-0.132,-0.13,0.993,0.8559,0.4285,4827,16,1609,224746,203,7,820,417,0.9936,0.8722,0.4755,5040,81,1396,224681,283,19,740,405,0.9884,0.8115,0.6061,5783,2034,653,222728,497,44,526,380
dw_-122p1917219874_47p9500173993-20190804,2019-08-04,10UEU,-122.1917219874,47.9500173993,172331,0.043,-0.074,-0.094,0.9771,0.6814,0.4389,4213,720,3219,164179,459,4,2030,1132,0.9757,0.7251,0.5628,5534,2298,1898,162601,932,28,1557,1108,0.9817,0.8025,0.7084,6424,2154,1008,162745,1561,129,928,1007
dw_-122p2224974809_47p9545140023-20190804,2019-08-04,10UEU,-122.2224974809,47.9545140023,198182,0.156,0.153,0.116,0.9977,0.9926,0.8436,30585,94,365,167138,1175,1,232,82,0.9976,0.9924,0.8745,30662,183,288,167049,1223,3,184,80,0.99,0.9689,0.9396,30909,1942,41,165290,1374,57,33,26
dw_-122p3104522996_37p1177008656-20190311,2019-03-11,10SEG,-122.3104522996,37.1177008656,205984,0.485,0.223,0.226,0.9852,0.9846,0.6829,96944,53,2989,105998,1890,34,910,143,0.995,0.9948,0.7964,98975,78,958,105973,2230,36,570,141,0.9775,0.9772,0.8472,99175,3877,758,102174,2400,55,400,122
dw_-123p5331921006_43p5883125269-20190725,2019-07-25,10TDP,-123.5331921006,43.5883125269,159778,0.065,-0.165,-0.173,0.9731,0.7471,0.4471,6348,189,4109,149132,964,49,2591,1171,0.9786,0.8143,0.5336,7494,454,2963,148867,1465,137,2090,1083,0.9826,0.8643,0.6965,8874,1204,1583,148117,2305,199,1250,1021
dw_-123p5359224490_43p0577133774-20190725,2019-07-25,10TDN,-123.535922449,43.0577133774,210100,0.02,0.02,-0.001,0.9979,0.9446,0.6609,3746,4,435,205915,260,4,270,274,0.999,0.9737,0.7822,3979,13,202,205906,360,6,170,272,0.9971,0.9306,0.8564,4095,525,86,205394,447,33,83,245
dw_-72p1306838108_40p9928732976-20190927,2019-09-27,19TBF,-72.1306838108,40.9928732976,219598,0.213,0.278,0.216,0.9916,0.9799,0.6789,45272,297,1557,172472,1749,210,734,247,0.9928,0.9829,0.6959,45621,375,1208,172394,1834,245,649,212,0.9922,0.9819,0.7813,46417,1298,412,171471,2093,253,390,204
dw_-110p1206089287_58p0134148267-20190517,2019-05-17,12VWK,-110.1206089287,58.0134148267,71367,0.23,-0.156,-0.141,0.841,0.4724,0.3163,5081,0,11349,54937,138,0,5191,2263,0.8583,0.5558,0.3555,6324,4,10106,54933,438,2,4891,2261,0.9424,0.8577,0.5362,12385,66,4045,54871,1842,34,3487,2229
dw_-114p6652313689_52p2217902126-20190425,2019-04-25,11UPT,-114.6652313689,52.2217902126,95321,0.041,-0.031,-0.035,0.9913,0.8791,0.4502,3032,0,834,91455,77,0,480,316,0.992,0.8904,0.4616,3104,2,762,91453,87,0,470,316,0.9906,0.8897,0.7411,3621,653,245,90802,337,6,220,310
dw_-117p6699381622_55p6257186543-20190528,2019-05-28,11UMB,-117.6699381622,55.6257186543,246383,0.046,0.156,0.138,0.9893,0.8701,0.533,8789,29,2596,234969,622,22,1371,968,0.9915,0.8994,0.5796,9348,54,2037,234944,777,38,1216,952,0.9939,0.9316,0.6892,10293,419,1092,234579,1196,130,797,860
dw_-123p3652536355_61p0576150315-20190828,2019-08-28,10VDN,-123.3652536355,61.0576150315,228478,0.123,0.184,0.133,0.9721,0.8766,0.5493,22621,818,5553,199486,2147,660,2630,1863,0.976,0.8969,0.5671,23865,1178,4309,199126,2473,856,2304,1667,0.9689,0.8747,0.5749,24827,3763,3347,196541,2733,1059,2044,1464
dw_-143p8836228118_66p5479672472-20190515,2019-05-15,06WXU,-143.8836228118,66.5479672472,156608,0.012,0.041,0.064,0.9894,0.4144,0.3382,586,290,1366,154366,21,0,546,258,0.9896,0.4386,0.3442,636,312,1316,154344,26,0,541,258,0.9934,0.7514,0.6024,1552,627,400,154029,258,19,309,239
dw_-71p0756469619_48p4176641073-20190707,2019-07-07,18UYU,-71.0756469619,48.4176641073,210850,0.132,-0.059,-0.124,0.9734,0.8977,0.5173,24631,2359,3252,180608,925,45,1575,811,0.9396,0.8015,0.5867,25713,10565,2170,172402,1275,162,1225,694,0.9854,0.9452,0.6555,26465,1651,1418,181316,1621,277,879,579
dw_-88p2299785941_52p3971577280-20190527,2019-05-27,16UDD,-88.2299785941,52.397157728,208382,0.062,-0.091,-0.12,0.9772,0.7754,0.4108,8182,7,4734,195459,421,7,1694,765,0.9804,0.8127,0.4576,8868,40,4048,195426,586,37,1529,735,0.9944,0.9531,0.6709,11951,212,965,195254,1306,141,809,631
dw_-67p4962212578_50p8539235917-20190826,2019-08-26,19UFS,-67.4962212578,50.8539235917,188072,0.157,-0.037,-0.053,0.9682,0.8873,0.453,23533,2,5974,158563,1227,2,2989,1250,0.9722,0.903,0.4887,24299,13,5208,158552,1431,11,2785,1241,0.9902,0.968,0.741,27842,176,1665,158389,2905,105,1311,1147
dw_6p0762244901_36p8524012909-20190810,2019-08-10,32SKF,6.0762244901,36.8524012909,150132,0.291,0.025,-0.127,0.8498,0.6522,0.5393,21135,1,22542,106454,1252,0,1172,120,0.991,0.9847,0.932,43380,1048,297,105407,2310,59,114,61,0.9989,0.9981,0.9693,43633,123,44,106332,2380,34,44,86
dw_-69p5585363945_6p0236913882-20190123,2019-01-23,19NDG,-69.5585363945,6.0236913882,185950,0.132,0.062,0.055,0.9664,0.8541,0.5405,18287,18,6228,161417,904,10,3629,3377,0.9743,0.892,0.5808,19779,52,4736,161383,1236,23,3297,3364,0.9851,0.9433,0.7788,23085,1343,1430,160092,3283,502,1250,2885
dw_-92p6792117667_30p0715240252-20181210,2018-12-10,15RWP,-92.6792117667,30.0715240252,186067,0.319,0.168,0.112,0.97,0.954,0.7313,57916,4179,1411,122561,2516,207,829,303,0.9668,0.9496,0.7505,58199,5052,1128,121688,2636,253,709,257,0.9524,0.9297,0.7943,58557,8085,770,118655,2838,286,507,224
dw_-93p3191639801_30p1659526874-20190320,2019-03-20,15RVP,-93.3191639801,30.1659526874,192036,0.294,0.093,0.02,0.957,0.9218,0.4491,48638,378,7871,135149,1720,104,4029,1649,0.9678,0.9431,0.5641,51213,886,5296,134641,2682,203,3067,1550,0.9728,0.9535,0.6648,53612,2328,2897,133199,3682,448,2067,1305
dw_-93p5757539850_30p0580342163-20190320,2019-03-20,15RVP,-93.575753985,30.0580342163,166589,0.591,0.156,0.068,0.9243,0.9316,0.4677,85888,38,12574,68089,2081,2,4552,1920,0.9458,0.9521,0.588,89699,269,8763,67858,3154,46,3479,1876,0.9625,0.9678,0.7209,93894,1673,4568,66454,4399,154,2234,1768
dw_-57p8546943152_-16p5681412098-20190830,2019-08-30,21KUB,-57.8546943152,-16.5681412098,32994,0.197,0.033,-0.019,0.9453,0.8393,0.5271,4710,19,1785,26480,576,3,1000,542,0.9614,0.892,0.5804,5256,34,1239,26465,691,5,885,540,0.9729,0.9291,0.7416,5849,247,646,26252,1047,19,529,526
dw_-64p9202000431_-30p1442848706-20190408,2019-04-08,20JLM,-64.9202000431,-30.1442848706,152610,0.024,0.3,0.3,0.9988,0.9757,0.7564,3619,84,96,148811,272,16,79,23,0.9988,0.976,0.7282,3606,68,109,148827,257,12,94,27,0.9988,0.9752,0.8872,3683,155,32,148740,326,19,25,20
dw_-59p3986532537_-33p4924554355-20190608,2019-06-08,21HTD,-59.3986532537,-33.4924554355,58275,0.574,0.128,0.115,0.9605,0.9644,0.5925,31147,8,2293,24827,963,8,1653,1452,0.9627,0.9665,0.6121,31283,14,2157,24821,1048,13,1568,1447,0.9818,0.984,0.7924,32683,306,757,24529,1864,94,752,1366
dw_-47p9777082120_-18p4944859184-20190609,2019-06-09,22KHE,-47.977708212,-18.4944859184,173650,0.811,0.145,0.152,0.9811,0.9882,0.6693,137547,3,3274,32826,2570,3,2122,1731,0.9875,0.9922,0.7369,138663,17,2158,32812,3018,17,1674,1717,0.9944,0.9966,0.8654,140027,175,794,32654,3925,98,767,1636
dw_-82p3838887332_28p1334881489-20190129,2019-01-29,17RLM,-82.3838887332,28.1334881489,195411,0.018,-0.173,-0.198,0.9671,0.1993,0.3549,801,3770,2667,188173,226,20,1912,837,0.9456,0.1868,0.4244,1222,8393,2246,183550,465,51,1673,806,0.9801,0.5406,0.6357,2283,2695,1185,189248,1134,87,1004,770
dw_-88p3529001040_37p0412586152-20190108,2019-01-08,16SCG,-88.352900104,37.0412586152,140800,0.182,0.277,0.247,0.9817,0.9473,0.6047,23160,130,2448,115062,1555,10,1162,238,0.9856,0.9593,0.6772,23930,353,1678,114839,1787,27,930,221,0.9773,0.9394,0.7916,24820,2413,788,112779,2173,74,544,174
dw_-88p4740709175_44p2043471326-20190608,2019-06-08,16TCQ,-88.4740709175,44.2043471326,14840,0.383,-0.053,-0.057,0.966,0.9551,0.7143,5362,184,320,8974,260,0,154,125,0.9635,0.9536,0.7996,5562,421,120,8737,314,8,100,117,0.981,0.9756,0.898,5638,238,44,8920,372,13,42,112
dw_-94p1157981483_38p9837910945-20190107,2019-01-07,15SVD,-94.1157981483,38.9837910945,151922,0.009,-0.17,-0.118,0.9916,0.4026,0.337,429,332,941,150220,149,2,785,251,0.9921,0.4821,0.3976,558,387,812,150165,230,11,704,242,0.9847,0.4248,0.5653,858,1812,512,148740,443,25,491,228
dw_-95p9672556175_36p7534760257-20190105,2019-01-05,14SQF,-95.9672556175,36.7534760257,178466,0.011,-0.123,-0.138,0.9741,0.1427,0.5122,385,3053,1573,173455,76,1,1241,1228,0.9684,0.1664,0.5393,563,4245,1395,172263,155,11,1162,1218,0.9806,0.2901,0.5805,706,2203,1252,174305,265,16,1052,1213
dw_-98p6189992328_43p0622099804-20190612,2019-06-12,14TNN,-98.6189992328,43.0622099804,195324,0.692,0.108,0.095,0.9918,0.9941,0.7944,134101,563,1035,59625,2639,109,676,394,0.9923,0.9944,0.8373,134530,905,606,59283,2878,184,437,319,0.9918,0.9941,0.8704,134892,1356,244,58832,3083,263,232,240
dw_5p1092180246_36p6770337754-20190818,2019-08-18,31SFA,5.1092180246,36.6770337754,144785,0.33,-0.015,-0.004,0.9991,0.9987,0.9518,47717,33,93,96942,1923,9,90,32,0.9996,0.9994,0.983,47782,28,28,96947,1990,12,23,29,0.9994,0.999,0.9834,47788,71,22,96904,1991,12,22,29
dw_-59p3362882867_-33p7217821866-20190409,2019-04-09,21HTC,-59.3362882867,-33.7217821866,129956,0.488,0.173,0.141,0.9847,0.9841,0.6256,61526,128,1856,66446,1668,126,1582,1186,0.9861,0.9855,0.6431,61729,158,1653,66416,1767,145,1483,1167,0.9856,0.9852,0.7063,62173,660,1209,65914,2121,211,1129,1101
dw_-57p9177796946_-15p9718916571-20190909,2019-09-09,21LUC,-57.9177796946,-15.9718916571,53332,0.017,0.156,0.177,0.97,0.4778,0.6084,733,1407,195,50997,69,0,112,105,0.9696,0.4732,0.5979,729,1424,199,50980,66,0,115,105,0.9527,0.3847,0.6748,788,2381,140,50023,92,4,89,101
dw_-60p4562124096_-32p3916870306-20190924,2019-09-24,20HQK,-60.4562124096,-32.3916870306,182470,0.19,0.074,0.059,0.9696,0.9132,0.5633,29190,80,5466,147734,2922,5,3807,1996,0.9745,0.9284,0.6326,30163,159,4493,147655,3550,28,3179,1973,0.9827,0.9546,0.8089,33144,1641,1512,146173,5304,243,1425,1758
dw_-79p7677008417_-2p0746905450-20190820,2019-08-20,17MPT,-79.7677008417,-2.074690545,199926,0.028,0.229,0.154,0.9918,0.8601,0.6534,5051,1073,570,193232,597,44,454,342,0.986,0.7867,0.6903,5152,2325,469,191980,665,59,386,327,0.9287,0.4236,0.723,5235,13863,386,180442,730,77,321,309
dw_-59p0502088530_-28p5389976134-20190919,2019-09-19,21JTJ,-59.050208853,-28.5389976134,188110,0.239,0.207,0.141,0.9458,0.8723,0.4276,34808,6,10181,143115,1066,5,3559,1596,0.9607,0.9105,0.4953,37626,35,7363,143086,1501,18,3124,1583,0.98,0.9577,0.6698,42636,1413,2353,141708,2782,213,1843,1388
dw_-68p8902309961_-16p1094877078-20190815,2019-08-15,19LDC,-68.8902309961,-16.1094877078,0,,0.272,0.3,,,,0,0,0,0,0,0,0,0,,,,0,0,0,0,0,0,0,0,,,,0,0,0,0,0,0,0,0
dw_-67p4832906194_-28p1720748117-20190322,2019-03-22,19JFJ,-67.4832906194,-28.1720748117,0,,-0.199,-0.185,,,,0,0,0,0,0,0,0,0,,,,0,0,0,0,0,0,0,0,,,,0,0,0,0,0,0,0,0
dw_-69p0339649036_-15p8342956065-20190815,2019-08-15,19LDC,-69.0339649036,-15.8342956065,10312,0.474,-0.17,-0.252,0.8732,0.8798,0.8574,4785,1200,108,4219,1012,110,68,58,0.8477,0.8598,0.863,4818,1496,75,3923,1035,126,45,42,0.8068,0.8306,0.8718,4883,1982,10,3437,1070,150,10,18
dw_-64p7649590096_-21p4757336818-20190824,2019-08-24,20KLB,-64.7649590096,-21.4757336818,167635,0.054,0.0,-0.22,0.9461,0.0,0.3046,0,28,9015,158592,0,0,3365,1474,0.9526,0.3593,0.4284,2226,1149,6789,157471,634,35,2731,1439,0.9459,0.0,0.3046,0,47,9015,158573,0,0,3365,1474
dw_8p9715049874_36p6230745398-20190812,2019-08-12,32SMF,8.9715049874,36.6230745398,243689,0.012,0.0,-0.109,0.9894,0.2143,0.3997,352,0,2581,240756,24,0,1670,1088,0.9878,0.2569,0.4166,515,561,2418,240195,71,0,1623,1088,0.9913,0.4762,0.4964,966,158,1967,240598,304,11,1390,1077
dw_-124p4159650799_62p9165106957-20190907,2019-09-07,10VDQ,-124.4159650799,62.9165106957,21448,0.143,0.274,0.282,0.9495,0.8239,0.7194,2535,546,538,17829,1134,138,507,520,0.95,0.8263,0.7281,2552,552,521,17823,1149,133,492,525,0.9253,0.7801,0.7599,2841,1370,232,17005,1419,330,222,328
dw_-140p3889282788_59p7059361813-20190327,2019-03-27,07VEG,-140.3889282788,59.7059361813,134852,0.679,0.292,0.27,0.9893,0.9921,0.7471,90361,225,1219,43047,2597,150,887,467,0.9899,0.9925,0.7898,90630,418,950,42854,2804,182,680,435,0.983,0.9875,0.8022,90776,1488,804,41784,2906,233,578,384
dw_-148p8430703004_61p4488194891-20190706,2019-07-06,06VUP,-148.8430703004,61.4488194891,203348,0.054,0.179,0.142,0.9756,0.8068,0.6692,10354,4260,698,188036,3363,1640,656,1281,0.9735,0.7972,0.6929,10573,4902,479,187394,3574,1686,445,1235,0.9472,0.6711,0.6745,10947,10626,105,181670,3921,2161,98,760
dw_-162p6683601544_60p2104550336-20190821,2019-08-21,03VXG,-162.6683601544,60.2104550336,206953,0.062,-0.072,-0.097,0.9706,0.6928,0.4506,6868,74,6017,193994,647,0,4467,3017,0.9765,0.7736,0.5613,8302,275,4583,193793,1594,47,3520,2970,0.972,0.802,0.833,11721,4623,1164,189445,3952,196,1162,2821
dw_-4p0548142080_57p0916112196-20190627,2019-06-27,30VVJ,-4.054814208,57.0916112196,0,,0.0,-0.3,,,,0,0,0,0,0,0,0,0,,,,0,0,0,0,0,0,0,0,,,,0,0,0,0,0,0,0,0
dw_-122p0501946561_38p2409522853-20191002,2019-10-02,10SEH,-122.0501946561,38.2409522853,200469,0.027,-0.058,-0.115,0.9606,0.498,0.5325,3916,6304,1590,188659,639,124,1178,844,0.9304,0.392,0.619,4499,12949,1007,182014,923,167,894,801,0.9752,0.6638,0.744,4901,4359,605,190604,1237,133,580,835
dw_-122p1550364904_37p9198948339-20191002,2019-10-02,10SEH,-122.1550364904,37.9198948339,179079,0.013,-0.153,-0.15,0.9931,0.7242,0.5282,1624,592,645,176218,151,7,419,326,0.99,0.6686,0.6301,1801,1317,468,175493,264,28,306,305,0.9894,0.7012,0.8361,2224,1850,45,174960,525,103,45,230
dw_-81p1123409937_-6p0317011509-20190321,2019-03-21,17MMP,-81.1123409937,-6.0317011509,112682,0.395,0.129,0.178,0.8131,0.6902,0.5593,23458,0,21061,68163,1075,0,847,0,0.6783,0.3134,0.2575,8271,0,36248,68163,495,0,1427,0,0.9981,0.9976,0.9839,44342,32,177,68131,1891,0,31,0
dw_-108p7295212909_39p1276823893-20190425,2019-04-25,12SXJ,-108.7295212909,39.1276823893,209974,0.051,0.028,0.029,0.9754,0.69,0.4174,5748,280,4885,199061,972,99,2743,1064,0.9783,0.7384,0.4584,6417,331,4216,199010,1205,132,2510,1031,0.9813,0.8093,0.5543,8314,1598,2319,197743,1845,304,1870,859
dw_-114p4609433703_32p9943159501-20190503,2019-05-03,11SQS,-114.4609433703,32.9943159501,194791,0.105,0.155,0.171,0.9778,0.8822,0.5008,16162,27,4288,174314,598,18,2994,2424,0.9837,0.9165,0.5996,17417,140,3033,174201,1307,131,2285,2311,0.991,0.9562,0.7363,19206,517,1244,173824,2408,407,1184,2035
dw_7p0867379523_4p8051119857-20181226,2018-12-26,32NKL,7.0867379523,4.8051119857,0,,-0.044,-0.031,,,,0,0,0,0,0,0,0,0,,,,0,0,0,0,0,0,0,0,,,,0,0,0,0,0,0,0,0
dw_-44p1180871358_-2p4416133466-20190614,2019-06-14,23MNT,-44.1180871358,-2.4416133466,121130,0.195,0.294,0.237,0.9054,0.6788,0.5046,12115,0,11463,97552,1383,0,1678,326,0.9123,0.7101,0.5613,13007,49,10571,97503,1582,7,1479,319,0.9653,0.9096,0.7818,21152,1776,2426,95776,2397,75,664,251
dw_-79p0721649350_21p5918301608-20190103,2019-01-03,17QPD,-79.072164935,21.5918301608,232730,0.354,0.251,0.249,0.9975,0.9965,0.8879,81956,153,422,150199,2720,1,365,179,0.9974,0.9964,0.9161,82091,311,287,150041,2812,1,273,179,0.9942,0.9918,0.9678,82279,1256,99,149096,2986,6,99,174
dw_-81p4096828913_24p6648086246-20190129,2019-01-29,17RMH,-81.4096828913,24.6648086246,204018,0.718,0.3,0.295,0.9546,0.9693,0.9098,146034,8785,476,48723,9721,590,421,472,0.951,0.967,0.9338,146342,9820,168,47688,9985,585,157,477,0.9462,0.9639,0.926,146430,10902,80,46606,10063,750,79,312
dw_-95p9902271317_18p4729863469-20190310,2019-03-10,14QRF,-95.9902271317,18.4729863469,179715,0.392,0.118,0.093,0.9844,0.9797,0.4803,67568,0,2807,109340,1633,0,1995,211,0.9918,0.9895,0.6486,68937,28,1438,109312,2288,9,1340,202,0.9952,0.9939,0.8346,69737,225,638,109115,3011,18,617,193
dw_-44p3572182413_-2p7168054478-20190927,2019-09-27,23MNS,-44.3572182413,-2.7168054478,76424,0.109,0.048,0.006,0.979,0.8934,0.5347,6718,23,1580,68103,944,21,1266,535,0.9862,0.9327,0.6768,7291,46,1007,68080,1347,31,863,525,0.9797,0.9088,0.8174,7722,974,576,67152,1745,40,465,516
dw_-34p9389246804_-8p1747821223-20190607,2019-06-07,25MBM,-34.9389246804,-8.1747821223,163418,0.055,0.12,0.08,0.9942,0.9457,0.6728,8297,262,690,154169,1073,45,629,313,0.9933,0.9386,0.7272,8424,539,563,153892,1175,35,527,323,0.987,0.891,0.8243,8700,1841,287,152590,1421,81,281,277
dw_-97p9906299360_22p4174064645-20190221,2019-02-21,14QNK,-97.990629936,22.4174064645,203011,0.144,0.129,0.085,0.9652,0.8695,0.5779,23566,1412,5662,172371,2269,76,3130,2121,0.9666,0.8784,0.6367,24503,2061,4725,171722,2802,163,2597,2034,0.9595,0.8605,0.6842,25361,4355,3867,169428,3340,340,2059,1857
dw_-71p8956728628_11p1345303140-20181227,2018-12-27,18PZT,-71.8956728628,11.134530314,141983,0.355,0.224,0.164,0.9386,0.9061,0.4802,42044,414,8302,91223,1932,19,3410,1236,0.9481,0.9231,0.6118,44195,1215,6151,90422,2846,65,2496,1190,0.953,0.9365,0.8363,49194,5516,1152,86121,4493,231,849,1024
dw_-71p7101167364_19p8030815028-20190305,2019-03-05,19QBC,-71.7101167364,19.8030815028,128919,0.217,0.253,0.234,0.9452,0.8841,0.6677,26978,6080,991,94870,1318,51,698,187,0.9378,0.8723,0.7737,27400,7451,569,93499,1562,56,454,182,0.9227,0.8478,0.8744,27753,9745,216,91205,1821,88,195,150
dw_-80p3422186357_7p4194369474-20181219,2018-12-19,17NNJ,-80.3422186357,7.4194369474,186026,0.064,0.054,0.029,0.9818,0.8335,0.6006,8471,16,3368,174171,753,15,2965,3728,0.986,0.8774,0.671,9318,84,2521,174103,1313,50,2405,3693,0.9808,0.8561,0.8149,10643,2383,1196,171804,2591,254,1127,3489
dw_-17p0885201459_63p8796830500-20170830,2017-08-30,27WXM,-17.0885201459,63.87968305,0,,0.0,0.0,,,,0,0,0,0,0,0,0,0,,,,0,0,0,0,0,0,0,0,,,,0,0,0,0,0,0,0,0
dw_12p0411700654_60p5773778352-20170523,2017-05-23,32VPN,12.0411700654,60.5773778352,209646,0.12,-0.151,-0.166,0.9507,0.7431,0.4157,14957,46,10297,184346,196,0,4067,2698,0.9529,0.7596,0.4317,15585,195,9669,184197,324,17,3939,2681,0.9843,0.9334,0.6988,23089,1131,2165,183261,2297,131,1966,2567
dw_-19p9993462018_64p0172791006-20170820,2017-08-20,27WWM,-19.9993462018,64.0172791006,35244,0.057,0.0,0.0,0.9434,0.0,0.4326,0,0,1994,33250,0,0,1902,1450,0.9439,0.0198,0.4359,20,3,1974,33247,11,0,1891,1450,0.9566,0.5109,0.6328,798,332,1196,32918,719,48,1183,1402
dw_-22p5991998634_65p0263168051-20170521,2017-05-21,27WVN,-22.5991998634,65.0263168051,98881,0.718,0.258,0.211,0.7895,0.8281,0.2567,50133,0,20819,27929,297,0,2951,722,0.7982,0.8364,0.301,51002,0,19950,27929,473,0,2775,722,0.9489,0.9632,0.6348,66095,197,4857,27732,1812,14,1436,708
dw_22p0618844898_68p9248715726-20170612,2017-06-12,34WEB,22.0618844898,68.9248715726,176999,0.083,-0.091,-0.109,0.9467,0.5408,0.5457,5558,380,9058,162003,508,77,3785,4131,0.9486,0.574,0.5628,6130,614,8486,161769,685,109,3608,4099,0.9734,0.8193,0.6723,10671,762,3945,161621,1663,156,2630,4052
dw_15p3772039383_63p2375681471-20170523,2017-05-23,33VWL,15.3772039383,63.2375681471,230285,0.021,0.0,-0.174,0.9812,0.1692,0.2237,440,0,4320,225525,83,0,1093,232,0.9832,0.3204,0.3452,914,32,3846,225493,257,3,919,229,0.997,0.9304,0.8999,4620,551,140,224974,1040,5,136,227
dw_23p1647863431_61p6322808900-20170504,2017-05-04,34VFP,23.1647863431,61.63228089,207312,0.058,-0.074,-0.086,0.9736,0.7059,0.2807,6571,12,5464,195265,130,0,1499,455,0.9747,0.7238,0.2845,6881,97,5154,195180,139,1,1490,454,0.986,0.8905,0.8695,11790,2655,245,192622,1385,28,244,427
dw_25p0154717682_60p2104550336-20170604,2017-06-04,35VLG,25.0154717682,60.2104550336,213173,0.179,0.18,0.097,0.9821,0.9476,0.4255,34565,145,3680,174783,785,9,2132,801,0.9884,0.9673,0.649,36635,869,1610,174059,1638,29,1279,781,0.9847,0.9589,0.8873,37921,2927,324,172001,2602,105,315,705
dw_32p9308336731_-26p2457301031-20190628,2019-06-28,36JVR,32.9308336731,-26.2457301031,217323,0.428,0.148,0.18,0.9713,0.9654,0.5778,86988,320,5920,124095,2807,21,3626,2184,0.9745,0.9695,0.6138,87854,479,5054,123936,3130,33,3303,2172,0.9785,0.9744,0.6897,88855,616,4053,123799,3825,72,2608,2133
dw_34p7646188757_-0p1483458364-20190825,2019-08-25,36MXE,34.7646188757,-0.1483458364,148509,0.207,0.187,0.167,0.9972,0.9932,0.8334,30266,2,415,117826,1361,1,306,175,0.9986,0.9966,0.8877,30486,13,195,117815,1472,12,195,164,0.9987,0.997,0.949,30621,126,60,117702,1607,34,60,142
dw_27p8408228734_-12p3485289909-20190801,2019-08-01,35LNG,27.8408228734,-12.3485289909,222605,0.07,0.214,0.231,0.9973,0.9801,0.7676,15021,37,574,206973,970,4,307,57,0.9981,0.9865,0.8094,15221,44,374,206966,1028,6,249,55,0.9981,0.9862,0.8894,15456,293,139,206717,1156,27,121,34
dw_-0p6481384406_6p8231873947-20190226,2019-02-26,30NYN,-0.6481384406,6.8231873947,0,,-0.106,-0.145,,,,0,0,0,0,0,0,0,0,,,,0,0,0,0,0,0,0,0,,,,0,0,0,0,0,0,0,0
dw_34p5655738206_-18p9072740703-20191107,2019-11-07,36KXE,34.5655738206,-18.9072740703,225239,0.01,-0.086,-0.045,0.9969,0.8275,0.5482,1679,29,671,222860,524,4,596,204,0.9971,0.8431,0.5648,1727,20,623,222869,544,2,576,206,0.9978,0.8968,0.802,2111,247,239,222642,887,30,233,178
dw_35p2993165271_-16p7516026106-20190720,2019-07-20,36KYG,35.2993165271,-16.7516026106,123798,0.069,0.03,0.032,0.9737,0.7667,0.3519,5348,1,3254,115195,325,0,2212,876,0.9838,0.8686,0.4735,6649,58,1953,115138,740,0,1797,876,0.978,0.8494,0.7307,7693,1820,909,113376,1633,15,904,861
dw_30p3400909548_-2p3040172960-20190702,2019-07-02,36MTC,30.3400909548,-2.304017296,83761,0.451,0.246,0.227,0.9858,0.984,0.633,36620,76,1117,45948,662,0,745,623,0.9866,0.985,0.6744,36877,261,860,45763,746,0,661,623,0.9862,0.9847,0.797,37334,754,403,45270,1037,42,370,581
dw_27p3453883464_-10p1011268309-20190612,2019-06-12,35LNJ,27.3453883464,-10.1011268309,163795,0.37,0.129,0.077,0.982,0.9751,0.6472,57894,167,2784,102950,2940,27,1730,283,0.9851,0.9797,0.7516,58860,626,1818,102491,3484,51,1186,259,0.9741,0.9661,0.9347,60320,3877,358,99240,4472,127,198,183
dw_29p6620685134_45p1666201663-20170503,2017-05-03,35TPL,29.6620685134,45.1666201663,114520,0.614,0.107,0.11,0.9855,0.988,0.6979,68727,60,1605,44128,1158,37,1022,1288,0.9902,0.992,0.7489,69343,136,989,44052,1369,69,811,1256,0.9846,0.9876,0.8308,69972,1403,360,42785,1853,266,327,1059
dw_49p6978250699_-15p9260263069-20190531,2019-05-31,39LUC,49.6978250699,-15.9260263069,211794,0.112,0.201,0.172,0.9642,0.8096,0.4115,16108,35,7541,188110,779,22,1634,379,0.969,0.8394,0.5011,17170,93,6479,188052,1064,55,1349,346,0.9673,0.8601,0.6677,21286,4561,2363,183584,1535,57,878,344
dw_32p5273694785_46p6343113729-20170331,2017-03-31,36TVS,32.5273694785,46.6343113729,146229,0.198,0.138,0.01,0.9552,0.8726,0.3155,22420,0,6544,117265,1317,0,3115,119,0.9637,0.8992,0.5043,23704,53,5260,117212,2176,0,2256,119,0.9952,0.988,0.9503,28738,475,226,116790,4208,2,224,117
dw_35p7503238666_-18p0816977666-20190720,2019-07-20,36KYF,35.7503238666,-18.0816977666,150099,0.184,0.112,0.09,0.985,0.9577,0.6212,25418,0,2248,122433,1551,0,1472,863,0.9879,0.9662,0.6979,25880,26,1786,122407,1863,14,1160,849,0.9954,0.9874,0.9161,27212,239,454,122194,2776,79,247,784
dw_32p0631383648_31p0400923031-20170404,2017-04-04,36RUV,32.0631383648,31.0400923031,47820,0.015,0.193,0.169,0.9656,0.0096,0.5876,8,956,691,46165,0,0,433,617,0.9549,0.0626,0.5981,72,1528,627,45593,11,0,422,617,0.9078,0.1603,0.7562,421,4133,278,42988,197,20,236,597
dw_-3p9589394764_15p8586613852-20191114,2019-11-14,30PUC,-3.9589394764,15.8586613852,203324,0.006,0.16,0.147,0.9794,0.2809,0.1574,818,3860,329,198317,32,0,198,5,0.9795,0.2884,0.3702,845,3868,302,198309,82,0,148,5,0.98,0.3457,0.8213,1074,3992,73,198185,188,0,42,5
dw_32p3625875399_26p0407691307-20190203,2019-02-03,36RVP,32.3625875399,26.0407691307,207805,0.025,-0.127,-0.111,0.9959,0.9136,0.3996,4467,71,774,202493,348,2,578,38,0.9952,0.8972,0.5238,4348,103,893,202461,468,2,458,38,0.9954,0.9167,0.9803,5225,933,16,201631,910,3,16,37
dw_29p5484028296_-11p2018952358-20190808,2019-08-08,35LQH,29.5484028296,-11.2018952358,175128,0.697,0.177,0.188,0.9927,0.9948,0.7825,120890,18,1255,52965,2951,0,871,182,0.9972,0.998,0.8886,121682,31,463,52952,3377,1,445,181,0.9986,0.999,0.97,122041,149,104,52834,3718,16,104,166
dw_10p4815970131_35p5348966232-20180116,2018-01-16,32SPE,10.4815970131,35.5348966232,240603,0.751,0.3,0.3,0.9958,0.9972,0.9742,179856,128,888,59731,4310,7,107,0,0.9991,0.9994,0.9812,180662,126,82,59733,4341,7,76,0,0.999,0.9993,0.993,180720,217,24,59642,4393,7,24,0
dw_30p8573990343_27p8295177887-20190529,2019-05-29,36RTR,30.8573990343,27.8295177887,226641,0.071,-0.091,-0.125,0.9929,0.9505,0.6972,15362,966,634,209679,1426,240,531,349,0.9922,0.9463,0.7647,15639,1418,357,209227,1632,274,325,315,0.9866,0.9129,0.8111,15890,2925,106,207720,1851,375,106,214
dw_22p2210659928_-18p6779473193-20190809,2019-08-09,34KFE,22.2210659928,-18.6779473193,130580,0.003,0.0,-0.073,0.9982,0.626,0.2885,200,16,223,130141,26,0,222,64,0.9981,0.6233,0.3109,206,32,217,130125,33,0,215,64,0.9956,0.4907,0.5192,276,426,147,129731,102,4,146,60
dw_55p4263415336_-21p2922722809-20190711,2019-07-11,40KCB,55.4263415336,-21.2922722809,175215,0.042,-0.18,-0.195,0.865,0.3733,0.7205,7044,23414,234,144523,406,10,177,76,0.8237,0.3169,0.8221,7167,30782,111,137155,488,24,95,62,0.9843,0.8388,0.8401,7157,2629,121,165308,479,3,104,83
dw_36p0580993605_-18p4027552180-20190720,2019-07-20,36KZE,36.0580993605,-18.402755218,117043,0.072,0.145,0.077,0.9921,0.9419,0.5855,7478,0,922,108643,803,0,737,238,0.9962,0.9731,0.7773,7963,4,437,108639,1145,1,395,237,0.9968,0.9779,0.9488,8315,290,85,108353,1457,8,83,230
dw_28p3178612742_-28p0344787611-20190909,2019-09-09,35JPJ,28.3178612742,-28.0344787611,5675,0.0,0.0,-0.278,1.0,,,0,0,0,5675,0,0,0,0,0.9991,0.0,,0,5,0,5670,0,0,0,0,0.9986,0.0,,0,8,0,5667,0,0,0,0
dw_28p3275601956_-26p6585182550-20190805,2019-08-05,35JPL,28.3275601956,-26.658518255,0,,0.0,0.0,,,,0,0,0,0,0,0,0,0,,,,0,0,0,0,0,0,0,0,,,,0,0,0,0,0,0,0,0
dw_27p6523895234_-27p2547678076-20190813,2019-08-13,35JNK,27.6523895234,-27.2547678076,139275,0.139,0.205,0.205,0.9697,0.8774,0.4175,15080,0,4214,119981,890,0,3302,1477,0.9712,0.884,0.4336,15284,0,4010,119981,981,0,3211,1477,0.9752,0.9029,0.5304,16028,183,3266,119798,1547,17,2645,1460
dw_37p8721508752_12p2352987190-20190117,2019-01-17,37PCP,37.8721508752,12.235298719,0,,0.0,0.0,,,,0,0,0,0,0,0,0,0,,,,0,0,0,0,0,0,0,0,,,,0,0,0,0,0,0,0,0
dw_37p1992325070_9p4833777066-20190117,2019-01-17,37PBL,37.199232507,9.4833777066,159207,0.786,0.059,0.025,0.8766,0.9149,0.5059,105588,106,19542,33971,3696,7,5292,1730,0.905,0.9359,0.5992,110509,509,14621,33568,4742,53,4246,1684,0.9293,0.9542,0.7665,117180,3300,7950,30777,6826,342,2162,1395
dw_17p4060399034_66p7233347627-20170907,2017-09-07,33WXQ,17.4060399034,66.7233347627,27610,0.812,0.094,0.071,0.8134,0.8705,0.4867,17312,49,5104,5145,1166,5,1751,499,0.8316,0.8847,0.5317,17833,66,4583,5128,1330,15,1587,489,0.9522,0.97,0.8053,21355,259,1061,4935,2300,49,617,455
dw_7p9375963584_59p0638212785-20190921,2019-09-21,32VML,7.9375963584,59.0638212785,187291,0.101,-0.3,-0.3,0.9001,0.0214,0.1113,205,79,18629,168378,38,4,5194,613,0.903,0.0833,0.1383,825,157,18009,168300,206,14,5026,603,0.9912,0.9572,0.9302,18345,1150,489,167307,4875,51,357,566
dw_30p2821804607_70p1632360281-20190830,2019-08-30,35WPT,30.2821804607,70.1632360281,103386,0.163,0.25,0.251,0.968,0.9026,0.6369,15339,1750,1561,84736,1604,48,908,73,0.9697,0.9082,0.6605,15492,1723,1408,84763,1670,52,842,69,0.9338,0.829,0.8557,16585,6526,315,79960,2200,68,312,53
dw_6p4838949263_61p7240115904-20190728,2019-07-28,32VLP,6.4838949263,61.7240115904,141763,0.041,0.153,0.046,0.9924,0.8982,0.4015,4738,11,1063,135951,309,0,872,276,0.9949,0.9351,0.6335,5201,122,600,135840,649,2,532,274,0.9759,0.769,0.8792,5689,3306,112,132656,1069,64,112,212
dw_7p9180803553_62p7789146451-20170721,2017-07-21,32VMQ,7.9180803553,62.7789146451,201196,0.306,0.227,0.197,0.9816,0.9689,0.6186,57772,1,3710,139713,1930,0,1268,127,0.9835,0.9723,0.6556,58170,4,3312,139710,2055,2,1143,125,0.9974,0.9958,0.9546,61351,391,131,139323,3071,24,127,103
dw_21p2505850466_69p9339092771-20170612,2017-06-12,34WEC,21.2505850466,69.9339092771,99767,0.531,0.165,0.134,0.9719,0.9729,0.6784,50269,107,2694,46697,2002,0,949,0,0.9731,0.9741,0.7509,50556,279,2407,46525,2216,0,735,0,0.9959,0.9962,0.9942,52946,391,17,46413,2934,0,17,0
